,A1,A2,A3,A4,A5,A6,A7,A8,A9,A10,A11,A12,B1,B2,B3,B4,B5,B6,B7,B8,B9,B10,B11,B12,C1,C2,C3,C4,C5,C6,C7,C8,C9,C10,C11,C12,D1,D2,D3,D4,D5,D6,D7,D8,D9,D10,D11,D12,E1,E2,E3,E4,E5,E6,E7,E8,E9,E10,E11,E12,F1,F2,F3,F4,F5,F6,F7,F8,F9,F10,F11,F12,G1,G2,G3,G4,G5,G6,G7,G8,G9,G10,G11,G12,H1,H2,H3,H4,H5,H6,H7,H8,H9,H10,H11,H12
0,0.117,0.129,0.124,0.122,0.114,0.148,0.118,0.709,0.139,0.121,0.136,0.095,0.082,0.098,0.084,0.096,0.088,0.089,0.103,0.094,0.090,0.095,0.094,0.090,0.084,0.092,0.087,0.089,0.092,0.085,0.090,0.093,0.088,0.086,0.105,0.088,0.089,0.094,0.101,0.090,0.090,0.089,0.090,0.090,0.128,0.097,0.099,0.097,0.092,0.098,0.092,0.091,0.088,0.099,0.088,0.089,0.088,0.101,0.127,0.094,0.092,0.096,0.088,0.091,0.099,0.084,0.087,0.085,0.087,0.095,0.094,0.091,0.091,0.089,0.091,0.091,0.088,0.089,0.090,0.088,0.088,0.099,0.110,0.109,0.080,0.113,0.109,0.093,0.632,0.093,0.093,0.089,0.089,0.096,0.103,0.096
29,0.116,0.128,0.124,0.120,0.113,0.148,0.117,0.693,0.139,0.120,0.133,0.095,0.082,0.098,0.084,0.095,0.088,0.089,0.103,0.093,0.090,0.095,0.094,0.089,0.083,0.091,0.088,0.089,0.091,0.085,0.090,0.093,0.088,0.086,0.104,0.088,0.089,0.094,0.101,0.090,0.089,0.089,0.090,0.090,0.127,0.097,0.099,0.097,0.091,0.098,0.091,0.091,0.088,0.099,0.088,0.089,0.087,0.101,0.127,0.094,0.091,0.096,0.088,0.091,0.099,0.084,0.087,0.085,0.087,0.095,0.094,0.090,0.087,0.089,0.091,0.091,0.088,0.089,0.090,0.088,0.088,0.099,0.110,0.109,0.080,0.112,0.108,0.093,0.622,0.093,0.093,0.089,0.090,0.096,0.101,0.096
59,0.116,0.128,0.124,0.119,0.114,0.148,0.117,0.682,0.140,0.120,0.134,0.095,0.082,0.097,0.084,0.095,0.088,0.090,0.102,0.118,0.090,0.095,0.094,0.089,0.083,0.091,0.088,0.089,0.092,0.085,0.090,0.093,0.088,0.086,0.104,0.088,0.089,0.094,0.101,0.090,0.089,0.089,0.090,0.090,0.134,0.096,0.099,0.097,0.091,0.098,0.091,0.091,0.088,0.099,0.088,0.089,0.087,0.101,0.127,0.094,0.091,0.096,0.088,0.090,0.099,0.084,0.087,0.085,0.087,0.095,0.094,0.090,0.087,0.089,0.091,0.091,0.088,0.089,0.090,0.088,0.088,0.099,0.110,0.109,0.080,0.113,0.111,0.093,0.615,0.093,0.093,0.089,0.089,0.096,0.102,0.096
89,0.116,0.128,0.124,0.119,0.113,0.148,0.117,0.674,0.140,0.120,0.132,0.094,0.082,0.097,0.083,0.095,0.086,0.089,0.102,0.118,0.090,0.095,0.094,0.089,0.082,0.092,0.088,0.089,0.091,0.085,0.090,0.093,0.088,0.085,0.104,0.088,0.088,0.093,0.101,0.090,0.089,0.089,0.090,0.090,0.134,0.096,0.099,0.096,0.091,0.098,0.091,0.091,0.087,0.099,0.088,0.089,0.087,0.101,0.128,0.093,0.091,0.096,0.088,0.090,0.099,0.084,0.087,0.085,0.087,0.095,0.094,0.090,0.087,0.089,0.091,0.091,0.088,0.089,0.090,0.088,0.088,0.099,0.111,0.109,0.079,0.114,0.111,0.093,0.610,0.093,0.093,0.089,0.089,0.095,0.103,0.096
119,0.117,0.128,0.124,0.119,0.113,0.148,0.117,0.668,0.140,0.120,0.131,0.094,0.082,0.097,0.084,0.095,0.086,0.090,0.102,0.118,0.090,0.095,0.094,0.089,0.082,0.092,0.088,0.089,0.091,0.085,0.090,0.093,0.088,0.085,0.104,0.088,0.088,0.093,0.101,0.090,0.089,0.088,0.090,0.090,0.134,0.096,0.099,0.096,0.091,0.098,0.091,0.091,0.088,0.099,0.087,0.089,0.087,0.101,0.129,0.094,0.091,0.096,0.088,0.090,0.099,0.084,0.086,0.085,0.087,0.095,0.094,0.090,0.087,0.089,0.091,0.091,0.088,0.089,0.090,0.088,0.088,0.099,0.111,0.109,0.079,0.114,0.112,0.093,0.609,0.093,0.093,0.089,0.089,0.096,0.103,0.096
149,0.117,0.128,0.124,0.119,0.113,0.148,0.116,0.662,0.140,0.120,0.132,0.094,0.082,0.098,0.084,0.095,0.086,0.090,0.100,0.119,0.090,0.095,0.094,0.089,0.082,0.092,0.088,0.089,0.092,0.085,0.090,0.088,0.088,0.085,0.104,0.088,0.088,0.093,0.101,0.090,0.089,0.088,0.090,0.090,0.134,0.096,0.099,0.096,0.091,0.098,0.091,0.091,0.088,0.099,0.088,0.089,0.087,0.101,0.129,0.093,0.091,0.096,0.088,0.090,0.099,0.084,0.087,0.085,0.087,0.095,0.094,0.090,0.087,0.089,0.091,0.091,0.088,0.089,0.090,0.088,0.088,0.099,0.111,0.109,0.079,0.115,0.114,0.093,0.604,0.093,0.093,0.089,0.089,0.096,0.104,0.096
179,0.117,0.128,0.124,0.119,0.113,0.148,0.116,0.657,0.139,0.120,0.132,0.094,0.082,0.097,0.084,0.095,0.087,0.090,0.099,0.119,0.090,0.095,0.094,0.089,0.082,0.092,0.088,0.089,0.092,0.085,0.090,0.088,0.088,0.085,0.104,0.088,0.088,0.093,0.100,0.090,0.089,0.088,0.090,0.090,0.134,0.096,0.099,0.096,0.091,0.099,0.091,0.091,0.088,0.099,0.088,0.089,0.087,0.101,0.129,0.093,0.091,0.096,0.088,0.090,0.099,0.084,0.086,0.085,0.087,0.095,0.094,0.090,0.087,0.089,0.091,0.091,0.088,0.088,0.090,0.088,0.088,0.099,0.111,0.109,0.079,0.114,0.115,0.093,0.599,0.093,0.093,0.089,0.089,0.096,0.103,0.096
209,0.118,0.128,0.124,0.119,0.114,0.148,0.116,0.652,0.139,0.120,0.131,0.094,0.082,0.098,0.084,0.095,0.087,0.090,0.099,0.119,0.090,0.095,0.094,0.089,0.083,0.092,0.088,0.089,0.092,0.085,0.090,0.089,0.088,0.085,0.104,0.088,0.088,0.093,0.100,0.089,0.089,0.088,0.090,0.090,0.134,0.096,0.099,0.096,0.091,0.099,0.091,0.091,0.088,0.099,0.088,0.089,0.087,0.101,0.129,0.093,0.091,0.096,0.088,0.090,0.099,0.084,0.087,0.085,0.087,0.095,0.094,0.090,0.087,0.089,0.091,0.091,0.088,0.089,0.090,0.088,0.088,0.099,0.111,0.110,0.080,0.114,0.116,0.093,0.595,0.093,0.093,0.088,0.089,0.097,0.103,0.096
239,0.118,0.128,0.125,0.120,0.114,0.149,0.116,0.648,0.139,0.120,0.131,0.094,0.082,0.098,0.084,0.095,0.087,0.090,0.099,0.119,0.090,0.095,0.094,0.089,0.083,0.092,0.088,0.089,0.092,0.085,0.090,0.089,0.088,0.085,0.089,0.088,0.088,0.093,0.100,0.089,0.090,0.088,0.090,0.090,0.134,0.096,0.099,0.096,0.091,0.099,0.091,0.091,0.088,0.099,0.088,0.089,0.087,0.101,0.129,0.093,0.091,0.096,0.088,0.090,0.099,0.084,0.087,0.085,0.087,0.095,0.094,0.090,0.087,0.089,0.091,0.091,0.088,0.088,0.090,0.088,0.088,0.100,0.110,0.110,0.079,0.115,0.116,0.093,0.591,0.093,0.093,0.088,0.090,0.097,0.103,0.096
269,0.119,0.128,0.126,0.120,0.114,0.149,0.116,0.644,0.139,0.120,0.131,0.094,0.082,0.098,0.084,0.095,0.087,0.090,0.099,0.119,0.090,0.095,0.094,0.089,0.083,0.092,0.088,0.089,0.092,0.085,0.090,0.089,0.088,0.085,0.089,0.088,0.088,0.093,0.100,0.089,0.090,0.088,0.090,0.090,0.092,0.096,0.099,0.096,0.091,0.099,0.091,0.090,0.088,0.099,0.088,0.089,0.087,0.101,0.129,0.093,0.091,0.096,0.088,0.090,0.099,0.084,0.087,0.085,0.087,0.095,0.095,0.090,0.087,0.090,0.091,0.091,0.088,0.089,0.090,0.088,0.088,0.100,0.110,0.110,0.079,0.114,0.116,0.093,0.588,0.093,0.093,0.089,0.090,0.096,0.102,0.096
299,0.119,0.128,0.127,0.121,0.114,0.149,0.116,0.641,0.139,0.120,0.131,0.094,0.082,0.099,0.084,0.095,0.087,0.090,0.099,0.119,0.090,0.095,0.094,0.089,0.083,0.093,0.088,0.089,0.092,0.085,0.090,0.088,0.088,0.090,0.089,0.088,0.088,0.093,0.100,0.089,0.090,0.089,0.090,0.090,0.092,0.096,0.099,0.096,0.091,0.099,0.091,0.090,0.088,0.099,0.087,0.089,0.087,0.101,0.129,0.093,0.091,0.096,0.088,0.090,0.099,0.084,0.087,0.085,0.087,0.095,0.095,0.090,0.087,0.090,0.091,0.091,0.088,0.089,0.090,0.088,0.088,0.100,0.110,0.110,0.080,0.115,0.115,0.093,0.584,0.093,0.093,0.089,0.090,0.097,0.103,0.096
329,0.120,0.128,0.128,0.121,0.114,0.149,0.116,0.638,0.139,0.120,0.131,0.094,0.082,0.098,0.084,0.095,0.087,0.090,0.099,0.119,0.090,0.095,0.094,0.089,0.083,0.093,0.088,0.089,0.092,0.085,0.090,0.089,0.089,0.090,0.089,0.088,0.088,0.093,0.100,0.089,0.090,0.089,0.090,0.090,0.092,0.096,0.099,0.096,0.091,0.099,0.091,0.090,0.088,0.099,0.088,0.089,0.087,0.101,0.129,0.093,0.091,0.096,0.088,0.090,0.099,0.084,0.086,0.085,0.087,0.095,0.095,0.090,0.087,0.090,0.091,0.091,0.088,0.089,0.090,0.088,0.088,0.100,0.110,0.110,0.080,0.115,0.115,0.092,0.583,0.093,0.093,0.089,0.090,0.097,0.104,0.096
359,0.121,0.128,0.129,0.121,0.115,0.149,0.116,0.635,0.139,0.120,0.131,0.094,0.082,0.098,0.084,0.096,0.087,0.090,0.099,0.119,0.090,0.095,0.095,0.089,0.083,0.093,0.088,0.089,0.092,0.085,0.090,0.089,0.089,0.090,0.089,0.088,0.088,0.093,0.100,0.089,0.090,0.089,0.090,0.090,0.092,0.096,0.099,0.096,0.091,0.099,0.091,0.091,0.088,0.099,0.088,0.089,0.087,0.101,0.129,0.093,0.091,0.096,0.088,0.090,0.099,0.084,0.086,0.085,0.087,0.095,0.095,0.090,0.087,0.090,0.091,0.091,0.088,0.089,0.090,0.088,0.088,0.100,0.111,0.110,0.080,0.115,0.115,0.092,0.580,0.093,0.093,0.089,0.090,0.097,0.104,0.096
389,0.122,0.128,0.129,0.122,0.115,0.149,0.117,0.631,0.140,0.120,0.131,0.094,0.082,0.098,0.084,0.096,0.087,0.090,0.099,0.119,0.090,0.095,0.095,0.089,0.083,0.093,0.088,0.089,0.092,0.085,0.090,0.089,0.088,0.090,0.090,0.088,0.088,0.093,0.101,0.089,0.090,0.089,0.090,0.090,0.092,0.096,0.099,0.096,0.091,0.099,0.091,0.091,0.088,0.099,0.087,0.089,0.087,0.101,0.130,0.093,0.091,0.096,0.088,0.090,0.099,0.084,0.087,0.085,0.087,0.095,0.095,0.090,0.087,0.090,0.091,0.091,0.088,0.089,0.090,0.088,0.088,0.100,0.111,0.110,0.080,0.115,0.114,0.092,0.578,0.093,0.093,0.089,0.090,0.097,0.103,0.096
419,0.122,0.128,0.130,0.122,0.115,0.149,0.117,0.628,0.140,0.120,0.131,0.094,0.082,0.098,0.084,0.096,0.087,0.090,0.099,0.120,0.090,0.095,0.095,0.089,0.083,0.093,0.088,0.089,0.092,0.085,0.090,0.089,0.089,0.090,0.090,0.088,0.088,0.094,0.101,0.089,0.090,0.089,0.090,0.090,0.092,0.096,0.099,0.096,0.091,0.099,0.091,0.091,0.088,0.099,0.087,0.089,0.087,0.101,0.130,0.093,0.091,0.096,0.088,0.090,0.099,0.084,0.087,0.085,0.087,0.095,0.095,0.090,0.087,0.090,0.091,0.091,0.088,0.089,0.090,0.087,0.088,0.101,0.111,0.110,0.080,0.114,0.113,0.092,0.576,0.093,0.093,0.089,0.090,0.097,0.106,0.096
449,0.123,0.129,0.130,0.122,0.115,0.149,0.117,0.625,0.140,0.120,0.131,0.094,0.082,0.098,0.084,0.096,0.087,0.090,0.099,0.120,0.091,0.095,0.095,0.089,0.083,0.093,0.088,0.089,0.092,0.085,0.090,0.089,0.089,0.090,0.090,0.088,0.088,0.094,0.101,0.089,0.090,0.089,0.090,0.090,0.092,0.096,0.099,0.096,0.091,0.099,0.091,0.091,0.088,0.099,0.087,0.089,0.087,0.102,0.130,0.093,0.091,0.096,0.088,0.090,0.099,0.084,0.087,0.085,0.087,0.095,0.095,0.090,0.088,0.090,0.091,0.091,0.088,0.089,0.090,0.088,0.088,0.101,0.111,0.110,0.080,0.115,0.112,0.093,0.574,0.093,0.093,0.089,0.090,0.098,0.106,0.096
479,0.123,0.131,0.130,0.122,0.116,0.149,0.118,0.623,0.140,0.120,0.132,0.094,0.082,0.097,0.084,0.096,0.087,0.090,0.099,0.120,0.090,0.095,0.095,0.089,0.083,0.093,0.089,0.089,0.092,0.085,0.090,0.089,0.089,0.090,0.090,0.088,0.088,0.094,0.101,0.090,0.090,0.089,0.090,0.090,0.092,0.096,0.099,0.096,0.091,0.100,0.091,0.091,0.088,0.099,0.088,0.090,0.087,0.102,0.130,0.093,0.091,0.096,0.088,0.090,0.099,0.084,0.087,0.085,0.087,0.095,0.095,0.090,0.088,0.090,0.091,0.091,0.088,0.089,0.090,0.088,0.088,0.101,0.111,0.110,0.080,0.116,0.111,0.093,0.572,0.093,0.093,0.089,0.090,0.097,0.105,0.096
509,0.124,0.131,0.131,0.122,0.116,0.149,0.118,0.620,0.140,0.120,0.131,0.094,0.082,0.097,0.084,0.096,0.087,0.090,0.099,0.120,0.091,0.095,0.095,0.089,0.083,0.094,0.089,0.089,0.092,0.085,0.090,0.089,0.089,0.090,0.090,0.088,0.088,0.094,0.101,0.090,0.089,0.089,0.090,0.090,0.092,0.096,0.100,0.096,0.091,0.100,0.091,0.091,0.089,0.099,0.087,0.090,0.087,0.102,0.130,0.093,0.091,0.096,0.088,0.090,0.100,0.084,0.087,0.085,0.087,0.095,0.095,0.090,0.088,0.090,0.091,0.091,0.088,0.089,0.090,0.087,0.088,0.101,0.111,0.110,0.080,0.116,0.112,0.093,0.570,0.094,0.093,0.089,0.090,0.098,0.105,0.096
539,0.124,0.132,0.131,0.122,0.116,0.149,0.118,0.617,0.140,0.120,0.131,0.094,0.082,0.097,0.084,0.096,0.087,0.090,0.099,0.120,0.090,0.095,0.095,0.089,0.083,0.094,0.089,0.089,0.092,0.085,0.090,0.089,0.089,0.090,0.090,0.088,0.088,0.094,0.100,0.090,0.089,0.089,0.090,0.090,0.092,0.096,0.099,0.096,0.091,0.100,0.091,0.091,0.089,0.099,0.087,0.090,0.087,0.102,0.130,0.093,0.091,0.096,0.088,0.090,0.100,0.084,0.087,0.085,0.087,0.095,0.095,0.090,0.088,0.090,0.091,0.091,0.088,0.089,0.090,0.087,0.088,0.101,0.111,0.110,0.080,0.117,0.114,0.093,0.568,0.093,0.093,0.089,0.090,0.098,0.106,0.096
569,0.125,0.132,0.131,0.122,0.116,0.149,0.119,0.614,0.140,0.120,0.131,0.094,0.082,0.097,0.084,0.096,0.087,0.090,0.098,0.120,0.091,0.095,0.095,0.089,0.083,0.094,0.089,0.089,0.092,0.085,0.090,0.089,0.089,0.090,0.090,0.088,0.088,0.094,0.100,0.090,0.089,0.089,0.090,0.090,0.092,0.096,0.100,0.096,0.091,0.100,0.091,0.091,0.089,0.099,0.088,0.090,0.087,0.102,0.130,0.093,0.091,0.096,0.088,0.091,0.100,0.084,0.087,0.085,0.087,0.095,0.095,0.090,0.088,0.091,0.091,0.091,0.088,0.089,0.090,0.088,0.088,0.101,0.112,0.110,0.080,0.117,0.115,0.094,0.567,0.094,0.093,0.089,0.090,0.098,0.105,0.096
599,0.126,0.132,0.131,0.122,0.116,0.149,0.119,0.611,0.140,0.121,0.131,0.094,0.082,0.097,0.084,0.096,0.087,0.090,0.098,0.120,0.091,0.095,0.095,0.089,0.083,0.094,0.089,0.089,0.093,0.085,0.090,0.089,0.089,0.090,0.090,0.088,0.088,0.094,0.100,0.090,0.089,0.089,0.090,0.090,0.092,0.096,0.100,0.096,0.091,0.100,0.091,0.091,0.089,0.099,0.088,0.090,0.087,0.102,0.130,0.093,0.091,0.096,0.088,0.091,0.100,0.084,0.087,0.085,0.087,0.095,0.095,0.090,0.088,0.091,0.091,0.091,0.088,0.089,0.090,0.088,0.088,0.101,0.112,0.111,0.080,0.117,0.115,0.093,0.565,0.094,0.093,0.089,0.090,0.097,0.105,0.096
629,0.126,0.132,0.132,0.123,0.117,0.149,0.119,0.608,0.140,0.121,0.131,0.094,0.082,0.097,0.084,0.096,0.087,0.090,0.099,0.120,0.091,0.095,0.096,0.089,0.083,0.094,0.089,0.089,0.092,0.085,0.090,0.089,0.089,0.090,0.090,0.088,0.088,0.094,0.100,0.090,0.089,0.089,0.090,0.091,0.092,0.096,0.099,0.096,0.091,0.100,0.091,0.091,0.089,0.099,0.088,0.090,0.087,0.102,0.130,0.093,0.091,0.096,0.088,0.091,0.100,0.084,0.087,0.085,0.087,0.095,0.095,0.090,0.088,0.091,0.091,0.091,0.088,0.089,0.090,0.088,0.088,0.101,0.112,0.110,0.080,0.118,0.114,0.093,0.564,0.094,0.093,0.089,0.090,0.097,0.107,0.097
659,0.126,0.132,0.132,0.123,0.117,0.149,0.119,0.606,0.140,0.121,0.131,0.094,0.082,0.097,0.084,0.097,0.087,0.090,0.098,0.120,0.091,0.095,0.096,0.089,0.084,0.094,0.089,0.090,0.093,0.085,0.090,0.089,0.089,0.090,0.090,0.088,0.088,0.094,0.100,0.090,0.089,0.089,0.090,0.090,0.092,0.096,0.100,0.096,0.091,0.100,0.091,0.091,0.089,0.099,0.088,0.090,0.087,0.102,0.130,0.093,0.091,0.096,0.088,0.091,0.100,0.084,0.087,0.085,0.087,0.096,0.095,0.089,0.088,0.091,0.091,0.091,0.088,0.089,0.090,0.087,0.088,0.101,0.112,0.110,0.080,0.118,0.112,0.094,0.562,0.094,0.093,0.089,0.090,0.098,0.105,0.097
689,0.127,0.133,0.132,0.123,0.117,0.149,0.119,0.603,0.141,0.122,0.131,0.094,0.082,0.098,0.084,0.097,0.088,0.090,0.098,0.120,0.091,0.095,0.096,0.089,0.084,0.094,0.089,0.090,0.093,0.085,0.090,0.089,0.089,0.090,0.090,0.088,0.088,0.094,0.100,0.090,0.089,0.089,0.090,0.090,0.092,0.096,0.100,0.096,0.091,0.100,0.091,0.091,0.089,0.099,0.088,0.090,0.087,0.102,0.130,0.093,0.091,0.096,0.088,0.091,0.100,0.084,0.087,0.085,0.087,0.095,0.095,0.089,0.088,0.091,0.091,0.091,0.088,0.089,0.090,0.087,0.088,0.101,0.112,0.110,0.080,0.119,0.114,0.094,0.560,0.094,0.093,0.089,0.090,0.098,0.107,0.097
719,0.127,0.133,0.133,0.123,0.117,0.149,0.120,0.601,0.141,0.122,0.131,0.094,0.082,0.098,0.084,0.097,0.088,0.090,0.098,0.120,0.091,0.095,0.096,0.089,0.084,0.095,0.089,0.089,0.093,0.085,0.090,0.089,0.089,0.090,0.090,0.088,0.088,0.094,0.100,0.090,0.089,0.089,0.090,0.090,0.092,0.096,0.100,0.096,0.091,0.100,0.091,0.091,0.089,0.099,0.088,0.090,0.087,0.102,0.130,0.093,0.091,0.096,0.088,0.091,0.100,0.084,0.087,0.085,0.087,0.096,0.095,0.089,0.088,0.091,0.091,0.091,0.088,0.089,0.090,0.088,0.088,0.101,0.112,0.110,0.080,0.119,0.116,0.094,0.559,0.094,0.093,0.089,0.089,0.098,0.105,0.097
749,0.127,0.133,0.133,0.124,0.117,0.149,0.119,0.599,0.141,0.122,0.132,0.094,0.083,0.098,0.084,0.097,0.088,0.090,0.098,0.120,0.091,0.095,0.096,0.089,0.084,0.095,0.089,0.089,0.093,0.085,0.090,0.089,0.089,0.090,0.090,0.088,0.088,0.094,0.100,0.090,0.089,0.089,0.090,0.090,0.092,0.096,0.100,0.096,0.091,0.101,0.091,0.091,0.089,0.099,0.088,0.090,0.087,0.102,0.130,0.093,0.091,0.096,0.088,0.091,0.100,0.084,0.087,0.085,0.087,0.096,0.095,0.089,0.088,0.091,0.091,0.091,0.088,0.089,0.090,0.088,0.088,0.101,0.112,0.110,0.080,0.119,0.115,0.094,0.557,0.094,0.093,0.089,0.089,0.098,0.105,0.097
779,0.128,0.133,0.134,0.124,0.117,0.149,0.119,0.597,0.141,0.122,0.132,0.094,0.083,0.098,0.084,0.097,0.088,0.090,0.098,0.119,0.091,0.095,0.096,0.089,0.084,0.095,0.089,0.090,0.093,0.085,0.090,0.089,0.089,0.090,0.090,0.088,0.088,0.094,0.100,0.090,0.089,0.089,0.090,0.090,0.092,0.096,0.100,0.096,0.091,0.101,0.091,0.091,0.089,0.099,0.088,0.090,0.087,0.102,0.131,0.093,0.091,0.096,0.088,0.091,0.100,0.084,0.087,0.085,0.087,0.096,0.095,0.089,0.088,0.091,0.091,0.091,0.088,0.089,0.090,0.088,0.088,0.101,0.112,0.110,0.080,0.119,0.115,0.094,0.556,0.094,0.093,0.089,0.089,0.099,0.106,0.097
809,0.128,0.133,0.134,0.124,0.117,0.149,0.120,0.594,0.141,0.122,0.132,0.094,0.083,0.098,0.085,0.097,0.088,0.090,0.098,0.119,0.091,0.095,0.096,0.089,0.084,0.095,0.089,0.090,0.093,0.085,0.090,0.089,0.089,0.090,0.090,0.087,0.088,0.094,0.100,0.090,0.089,0.089,0.090,0.091,0.092,0.096,0.100,0.096,0.091,0.101,0.091,0.091,0.089,0.099,0.088,0.090,0.087,0.102,0.131,0.093,0.092,0.096,0.088,0.091,0.100,0.084,0.087,0.085,0.087,0.096,0.095,0.089,0.088,0.091,0.091,0.091,0.088,0.089,0.090,0.087,0.088,0.100,0.112,0.110,0.080,0.120,0.114,0.094,0.554,0.094,0.093,0.089,0.090,0.098,0.106,0.097
839,0.129,0.133,0.134,0.124,0.117,0.150,0.120,0.592,0.142,0.122,0.132,0.094,0.083,0.098,0.085,0.097,0.088,0.090,0.098,0.119,0.091,0.095,0.096,0.089,0.084,0.095,0.089,0.090,0.093,0.085,0.090,0.089,0.089,0.090,0.090,0.087,0.088,0.094,0.100,0.090,0.089,0.089,0.090,0.091,0.092,0.096,0.100,0.096,0.091,0.101,0.091,0.091,0.089,0.099,0.088,0.090,0.087,0.102,0.131,0.093,0.092,0.096,0.088,0.091,0.100,0.084,0.087,0.085,0.087,0.096,0.096,0.089,0.088,0.091,0.091,0.091,0.088,0.089,0.090,0.087,0.088,0.100,0.112,0.110,0.080,0.119,0.115,0.094,0.553,0.094,0.093,0.089,0.089,0.098,0.106,0.097
869,0.129,0.133,0.135,0.124,0.118,0.150,0.120,0.590,0.142,0.122,0.132,0.094,0.083,0.098,0.085,0.097,0.088,0.090,0.098,0.118,0.091,0.095,0.096,0.089,0.084,0.095,0.089,0.090,0.093,0.085,0.090,0.089,0.089,0.090,0.090,0.088,0.088,0.094,0.101,0.090,0.089,0.089,0.090,0.090,0.092,0.096,0.100,0.095,0.091,0.101,0.091,0.091,0.090,0.099,0.088,0.090,0.087,0.102,0.131,0.093,0.092,0.096,0.088,0.091,0.100,0.084,0.087,0.085,0.087,0.096,0.095,0.089,0.088,0.091,0.091,0.091,0.088,0.089,0.090,0.087,0.088,0.100,0.113,0.110,0.080,0.119,0.116,0.093,0.551,0.094,0.093,0.089,0.089,0.098,0.106,0.097
899,0.129,0.134,0.135,0.125,0.118,0.150,0.120,0.588,0.142,0.123,0.132,0.094,0.083,0.098,0.085,0.098,0.088,0.090,0.098,0.118,0.091,0.095,0.096,0.089,0.084,0.095,0.089,0.090,0.093,0.085,0.090,0.089,0.089,0.090,0.090,0.087,0.088,0.095,0.101,0.090,0.089,0.089,0.090,0.091,0.092,0.096,0.100,0.096,0.091,0.101,0.091,0.091,0.090,0.099,0.088,0.090,0.087,0.102,0.131,0.093,0.092,0.096,0.088,0.091,0.100,0.084,0.087,0.085,0.087,0.096,0.096,0.089,0.088,0.091,0.091,0.091,0.088,0.089,0.090,0.087,0.088,0.100,0.113,0.110,0.080,0.119,0.115,0.094,0.550,0.094,0.093,0.089,0.089,0.099,0.105,0.097
929,0.130,0.134,0.136,0.126,0.118,0.150,0.121,0.586,0.142,0.122,0.132,0.094,0.083,0.098,0.085,0.098,0.088,0.090,0.098,0.118,0.091,0.095,0.097,0.089,0.084,0.095,0.089,0.090,0.093,0.085,0.090,0.089,0.089,0.090,0.090,0.087,0.088,0.095,0.101,0.090,0.089,0.089,0.090,0.091,0.092,0.096,0.100,0.096,0.091,0.101,0.091,0.091,0.090,0.099,0.088,0.090,0.087,0.102,0.131,0.093,0.092,0.096,0.088,0.091,0.100,0.084,0.087,0.085,0.087,0.096,0.096,0.089,0.088,0.092,0.091,0.091,0.088,0.089,0.090,0.087,0.088,0.100,0.113,0.110,0.080,0.119,0.115,0.093,0.549,0.094,0.093,0.089,0.089,0.099,0.106,0.097
959,0.130,0.135,0.137,0.126,0.118,0.150,0.121,0.584,0.142,0.123,0.132,0.094,0.083,0.099,0.085,0.098,0.088,0.090,0.098,0.118,0.091,0.095,0.097,0.089,0.084,0.096,0.089,0.090,0.094,0.085,0.090,0.089,0.089,0.090,0.090,0.087,0.088,0.095,0.101,0.090,0.089,0.089,0.090,0.091,0.092,0.096,0.100,0.095,0.091,0.101,0.091,0.091,0.090,0.099,0.088,0.090,0.087,0.103,0.131,0.093,0.092,0.096,0.088,0.091,0.101,0.084,0.087,0.085,0.087,0.096,0.095,0.089,0.088,0.092,0.091,0.091,0.088,0.089,0.090,0.087,0.088,0.100,0.113,0.110,0.080,0.120,0.114,0.094,0.547,0.094,0.093,0.089,0.089,0.099,0.107,0.097
989,0.131,0.135,0.137,0.127,0.118,0.150,0.121,0.582,0.142,0.123,0.133,0.094,0.083,0.099,0.085,0.098,0.088,0.090,0.098,0.118,0.091,0.095,0.097,0.089,0.084,0.096,0.089,0.090,0.094,0.085,0.090,0.089,0.089,0.090,0.090,0.087,0.088,0.095,0.101,0.090,0.089,0.089,0.090,0.091,0.092,0.096,0.100,0.095,0.091,0.101,0.091,0.091,0.090,0.099,0.088,0.090,0.087,0.103,0.131,0.093,0.092,0.096,0.088,0.091,0.101,0.084,0.087,0.085,0.087,0.095,0.096,0.089,0.088,0.092,0.091,0.091,0.088,0.089,0.090,0.087,0.088,0.101,0.113,0.110,0.080,0.120,0.113,0.094,0.546,0.094,0.093,0.089,0.089,0.098,0.107,0.097
1019,0.131,0.135,0.137,0.128,0.119,0.151,0.121,0.580,0.142,0.123,0.133,0.094,0.083,0.099,0.085,0.098,0.088,0.090,0.098,0.118,0.091,0.095,0.097,0.089,0.084,0.096,0.089,0.090,0.094,0.085,0.090,0.089,0.089,0.090,0.090,0.087,0.088,0.095,0.101,0.090,0.089,0.089,0.090,0.091,0.092,0.096,0.100,0.095,0.091,0.101,0.091,0.091,0.090,0.099,0.088,0.090,0.087,0.103,0.131,0.093,0.092,0.096,0.088,0.091,0.101,0.084,0.087,0.085,0.087,0.095,0.095,0.089,0.088,0.092,0.091,0.091,0.088,0.089,0.090,0.087,0.088,0.101,0.113,0.110,0.081,0.119,0.115,0.094,0.544,0.094,0.093,0.089,0.089,0.099,0.106,0.097
1049,0.131,0.136,0.138,0.129,0.119,0.151,0.121,0.578,0.142,0.123,0.133,0.094,0.083,0.099,0.085,0.098,0.088,0.090,0.098,0.118,0.091,0.095,0.097,0.089,0.084,0.096,0.089,0.090,0.094,0.085,0.090,0.089,0.089,0.090,0.090,0.087,0.088,0.095,0.101,0.090,0.089,0.089,0.090,0.091,0.092,0.096,0.100,0.095,0.091,0.102,0.091,0.091,0.090,0.099,0.088,0.090,0.087,0.103,0.131,0.093,0.092,0.096,0.088,0.091,0.101,0.084,0.087,0.085,0.087,0.095,0.095,0.089,0.088,0.092,0.091,0.091,0.088,0.089,0.090,0.087,0.088,0.101,0.113,0.110,0.080,0.119,0.115,0.094,0.543,0.095,0.093,0.089,0.089,0.099,0.107,0.097
1079,0.131,0.136,0.138,0.130,0.119,0.151,0.121,0.577,0.142,0.123,0.133,0.094,0.083,0.099,0.085,0.098,0.088,0.090,0.098,0.118,0.091,0.095,0.097,0.089,0.084,0.096,0.090,0.090,0.094,0.085,0.090,0.089,0.089,0.090,0.090,0.087,0.088,0.095,0.101,0.090,0.089,0.089,0.090,0.091,0.092,0.096,0.100,0.095,0.091,0.102,0.091,0.091,0.090,0.099,0.088,0.090,0.087,0.102,0.131,0.093,0.092,0.096,0.088,0.091,0.101,0.084,0.087,0.085,0.087,0.096,0.095,0.089,0.088,0.092,0.091,0.091,0.088,0.089,0.090,0.087,0.088,0.101,0.113,0.110,0.080,0.120,0.115,0.094,0.541,0.094,0.093,0.089,0.089,0.098,0.107,0.097
1109,0.132,0.137,0.139,0.131,0.119,0.152,0.122,0.575,0.142,0.122,0.133,0.094,0.083,0.099,0.085,0.098,0.088,0.090,0.098,0.118,0.091,0.095,0.097,0.089,0.085,0.096,0.089,0.090,0.094,0.086,0.090,0.089,0.089,0.090,0.090,0.087,0.089,0.095,0.100,0.090,0.089,0.089,0.090,0.091,0.092,0.096,0.100,0.095,0.091,0.102,0.091,0.091,0.090,0.099,0.088,0.090,0.087,0.103,0.131,0.093,0.092,0.096,0.088,0.091,0.101,0.084,0.087,0.085,0.087,0.095,0.095,0.089,0.088,0.092,0.091,0.091,0.088,0.089,0.090,0.087,0.088,0.101,0.113,0.111,0.080,0.120,0.114,0.094,0.540,0.094,0.093,0.089,0.089,0.099,0.107,0.097
1139,0.132,0.136,0.139,0.131,0.119,0.152,0.122,0.573,0.143,0.122,0.133,0.094,0.083,0.099,0.085,0.098,0.088,0.090,0.098,0.117,0.091,0.095,0.097,0.089,0.085,0.096,0.089,0.090,0.094,0.086,0.090,0.089,0.089,0.090,0.090,0.087,0.088,0.095,0.101,0.090,0.089,0.089,0.090,0.091,0.092,0.096,0.100,0.095,0.091,0.102,0.091,0.091,0.090,0.099,0.088,0.090,0.087,0.103,0.131,0.093,0.092,0.096,0.088,0.091,0.101,0.084,0.087,0.085,0.087,0.095,0.095,0.089,0.088,0.092,0.091,0.091,0.088,0.089,0.090,0.087,0.088,0.101,0.113,0.111,0.080,0.119,0.114,0.094,0.539,0.095,0.093,0.089,0.089,0.098,0.106,0.097
1169,0.132,0.138,0.139,0.132,0.119,0.153,0.122,0.571,0.143,0.122,0.133,0.094,0.083,0.099,0.085,0.098,0.088,0.090,0.098,0.117,0.091,0.095,0.097,0.089,0.085,0.096,0.090,0.090,0.094,0.086,0.090,0.089,0.089,0.090,0.090,0.088,0.088,0.095,0.101,0.090,0.089,0.089,0.090,0.091,0.093,0.096,0.100,0.095,0.091,0.102,0.091,0.091,0.090,0.099,0.088,0.090,0.087,0.103,0.132,0.093,0.092,0.096,0.088,0.091,0.101,0.084,0.087,0.085,0.087,0.095,0.096,0.089,0.088,0.092,0.091,0.091,0.088,0.089,0.090,0.087,0.088,0.101,0.113,0.111,0.080,0.118,0.113,0.094,0.538,0.094,0.093,0.089,0.089,0.098,0.106,0.097
1199,0.133,0.137,0.140,0.132,0.119,0.153,0.122,0.569,0.143,0.123,0.133,0.094,0.084,0.099,0.085,0.098,0.088,0.090,0.098,0.117,0.091,0.095,0.097,0.089,0.085,0.096,0.090,0.090,0.094,0.086,0.090,0.089,0.089,0.090,0.090,0.087,0.088,0.095,0.101,0.090,0.089,0.089,0.090,0.091,0.092,0.096,0.100,0.095,0.091,0.102,0.091,0.091,0.090,0.099,0.088,0.090,0.087,0.103,0.132,0.093,0.092,0.096,0.088,0.091,0.101,0.084,0.087,0.085,0.087,0.096,0.096,0.089,0.088,0.092,0.091,0.091,0.088,0.089,0.090,0.087,0.088,0.101,0.113,0.110,0.081,0.117,0.113,0.094,0.536,0.094,0.093,0.089,0.089,0.098,0.107,0.097
1229,0.133,0.138,0.140,0.133,0.119,0.153,0.122,0.568,0.143,0.123,0.133,0.094,0.083,0.099,0.085,0.098,0.088,0.090,0.098,0.117,0.091,0.095,0.097,0.089,0.085,0.097,0.090,0.090,0.094,0.085,0.090,0.089,0.089,0.090,0.090,0.087,0.088,0.095,0.101,0.090,0.089,0.089,0.090,0.091,0.092,0.096,0.100,0.095,0.091,0.102,0.091,0.091,0.090,0.099,0.088,0.090,0.087,0.103,0.132,0.093,0.092,0.096,0.088,0.092,0.101,0.084,0.087,0.085,0.087,0.096,0.096,0.089,0.088,0.092,0.091,0.091,0.088,0.089,0.090,0.087,0.088,0.101,0.113,0.111,0.081,0.117,0.113,0.094,0.535,0.095,0.093,0.089,0.089,0.099,0.105,0.097
1259,0.133,0.138,0.141,0.134,0.120,0.154,0.122,0.566,0.144,0.122,0.132,0.094,0.083,0.099,0.085,0.098,0.088,0.090,0.097,0.117,0.091,0.095,0.097,0.089,0.085,0.097,0.090,0.090,0.094,0.085,0.090,0.089,0.089,0.090,0.091,0.087,0.088,0.095,0.101,0.090,0.089,0.089,0.090,0.091,0.092,0.096,0.100,0.095,0.091,0.102,0.091,0.091,0.090,0.099,0.087,0.090,0.087,0.103,0.132,0.093,0.092,0.096,0.088,0.091,0.101,0.084,0.087,0.085,0.087,0.096,0.096,0.089,0.088,0.092,0.091,0.091,0.088,0.089,0.090,0.087,0.088,0.101,0.114,0.111,0.081,0.118,0.113,0.094,0.534,0.094,0.093,0.089,0.089,0.099,0.106,0.097
1289,0.134,0.139,0.141,0.134,0.120,0.154,0.122,0.564,0.144,0.123,0.132,0.094,0.084,0.099,0.085,0.098,0.088,0.090,0.097,0.117,0.091,0.095,0.097,0.089,0.085,0.097,0.090,0.090,0.094,0.085,0.090,0.089,0.089,0.090,0.091,0.087,0.088,0.095,0.101,0.090,0.089,0.089,0.090,0.091,0.092,0.096,0.100,0.095,0.091,0.102,0.091,0.091,0.090,0.099,0.088,0.090,0.087,0.103,0.132,0.093,0.092,0.096,0.088,0.092,0.101,0.084,0.087,0.085,0.087,0.096,0.096,0.089,0.088,0.092,0.091,0.091,0.088,0.089,0.090,0.087,0.088,0.101,0.114,0.111,0.081,0.118,0.113,0.094,0.532,0.094,0.093,0.089,0.089,0.098,0.105,0.097
1319,0.134,0.139,0.142,0.135,0.120,0.154,0.122,0.562,0.144,0.123,0.132,0.094,0.084,0.099,0.085,0.099,0.088,0.090,0.097,0.117,0.091,0.095,0.098,0.089,0.085,0.097,0.090,0.090,0.094,0.085,0.090,0.089,0.089,0.090,0.091,0.087,0.088,0.095,0.101,0.090,0.089,0.089,0.090,0.091,0.092,0.096,0.100,0.095,0.091,0.102,0.091,0.091,0.090,0.099,0.088,0.090,0.087,0.103,0.132,0.092,0.092,0.096,0.088,0.092,0.101,0.084,0.087,0.085,0.087,0.096,0.096,0.089,0.088,0.093,0.091,0.091,0.088,0.089,0.090,0.087,0.088,0.101,0.114,0.111,0.081,0.118,0.113,0.094,0.531,0.095,0.093,0.089,0.089,0.098,0.105,0.097
1349,0.134,0.139,0.142,0.135,0.121,0.154,0.122,0.560,0.144,0.123,0.132,0.094,0.084,0.099,0.085,0.099,0.089,0.090,0.097,0.117,0.091,0.095,0.098,0.089,0.085,0.097,0.090,0.090,0.094,0.085,0.090,0.089,0.089,0.090,0.091,0.087,0.088,0.095,0.101,0.090,0.089,0.089,0.090,0.091,0.092,0.096,0.100,0.095,0.091,0.102,0.091,0.091,0.090,0.099,0.088,0.090,0.087,0.103,0.132,0.092,0.092,0.096,0.088,0.092,0.101,0.084,0.086,0.085,0.087,0.095,0.096,0.089,0.088,0.093,0.091,0.091,0.088,0.089,0.090,0.087,0.088,0.101,0.114,0.111,0.081,0.118,0.112,0.095,0.530,0.095,0.093,0.089,0.089,0.098,0.105,0.098
1379,0.135,0.139,0.143,0.135,0.121,0.155,0.122,0.558,0.144,0.123,0.132,0.094,0.084,0.099,0.085,0.099,0.089,0.090,0.097,0.118,0.091,0.095,0.098,0.089,0.085,0.097,0.090,0.090,0.095,0.085,0.090,0.089,0.089,0.090,0.091,0.087,0.088,0.095,0.101,0.090,0.089,0.089,0.090,0.091,0.092,0.096,0.100,0.095,0.091,0.102,0.091,0.091,0.090,0.099,0.088,0.090,0.087,0.103,0.132,0.092,0.092,0.096,0.088,0.092,0.101,0.084,0.087,0.085,0.087,0.096,0.096,0.089,0.088,0.093,0.091,0.091,0.088,0.089,0.090,0.087,0.088,0.101,0.114,0.111,0.081,0.117,0.113,0.095,0.529,0.095,0.093,0.089,0.089,0.098,0.104,0.098
1409,0.135,0.140,0.144,0.136,0.121,0.155,0.122,0.556,0.144,0.123,0.132,0.094,0.084,0.099,0.085,0.099,0.089,0.090,0.097,0.118,0.091,0.095,0.098,0.089,0.085,0.097,0.090,0.090,0.095,0.086,0.090,0.089,0.089,0.090,0.091,0.087,0.088,0.095,0.101,0.090,0.089,0.089,0.090,0.091,0.092,0.096,0.100,0.095,0.091,0.102,0.091,0.091,0.090,0.099,0.088,0.090,0.087,0.103,0.132,0.092,0.092,0.096,0.088,0.092,0.101,0.084,0.087,0.084,0.087,0.096,0.096,0.089,0.088,0.093,0.091,0.091,0.088,0.089,0.090,0.087,0.088,0.101,0.114,0.111,0.081,0.117,0.113,0.094,0.528,0.095,0.093,0.089,0.089,0.098,0.105,0.098
1439,0.136,0.140,0.144,0.136,0.122,0.155,0.122,0.554,0.144,0.124,0.132,0.094,0.084,0.100,0.085,0.099,0.089,0.090,0.097,0.118,0.091,0.095,0.098,0.089,0.085,0.097,0.090,0.090,0.095,0.085,0.090,0.089,0.089,0.090,0.091,0.087,0.088,0.095,0.101,0.090,0.089,0.089,0.090,0.091,0.092,0.096,0.100,0.095,0.091,0.102,0.091,0.091,0.091,0.099,0.087,0.090,0.087,0.103,0.132,0.092,0.092,0.096,0.088,0.092,0.101,0.084,0.087,0.084,0.087,0.096,0.096,0.089,0.088,0.093,0.091,0.091,0.088,0.089,0.090,0.087,0.088,0.101,0.114,0.111,0.081,0.116,0.113,0.093,0.526,0.094,0.093,0.089,0.089,0.098,0.105,0.098
1469,0.136,0.141,0.145,0.137,0.122,0.155,0.122,0.553,0.145,0.123,0.133,0.094,0.084,0.100,0.085,0.099,0.089,0.090,0.097,0.117,0.091,0.095,0.098,0.089,0.085,0.097,0.090,0.090,0.095,0.085,0.090,0.089,0.089,0.090,0.091,0.087,0.088,0.095,0.101,0.090,0.089,0.089,0.090,0.091,0.092,0.096,0.100,0.095,0.091,0.103,0.091,0.091,0.091,0.099,0.088,0.090,0.087,0.103,0.132,0.092,0.092,0.096,0.088,0.092,0.101,0.084,0.086,0.084,0.087,0.095,0.096,0.088,0.088,0.093,0.091,0.091,0.088,0.089,0.090,0.087,0.087,0.101,0.114,0.111,0.081,0.116,0.113,0.092,0.525,0.095,0.093,0.089,0.088,0.098,0.105,0.098
1499,0.136,0.141,0.145,0.138,0.122,0.156,0.122,0.551,0.145,0.123,0.133,0.094,0.084,0.100,0.085,0.099,0.089,0.090,0.097,0.116,0.091,0.095,0.098,0.089,0.085,0.097,0.090,0.090,0.095,0.085,0.090,0.089,0.089,0.090,0.091,0.087,0.088,0.095,0.101,0.090,0.089,0.089,0.090,0.091,0.092,0.096,0.100,0.095,0.091,0.103,0.091,0.091,0.091,0.099,0.087,0.090,0.087,0.103,0.132,0.092,0.092,0.096,0.088,0.092,0.101,0.084,0.086,0.084,0.087,0.095,0.096,0.088,0.088,0.093,0.091,0.091,0.088,0.089,0.090,0.087,0.088,0.101,0.114,0.111,0.081,0.117,0.113,0.092,0.524,0.094,0.093,0.089,0.088,0.098,0.104,0.097
1529,0.136,0.141,0.146,0.138,0.122,0.156,0.122,0.550,0.145,0.124,0.132,0.094,0.084,0.100,0.085,0.099,0.089,0.090,0.097,0.115,0.091,0.095,0.098,0.089,0.085,0.097,0.090,0.090,0.095,0.085,0.090,0.089,0.089,0.090,0.091,0.087,0.088,0.095,0.100,0.090,0.089,0.089,0.090,0.091,0.092,0.096,0.100,0.095,0.091,0.103,0.091,0.091,0.091,0.099,0.087,0.090,0.087,0.103,0.132,0.092,0.092,0.096,0.088,0.092,0.101,0.084,0.086,0.084,0.087,0.095,0.096,0.088,0.088,0.093,0.091,0.091,0.088,0.089,0.090,0.087,0.088,0.101,0.114,0.111,0.081,0.116,0.113,0.092,0.523,0.094,0.093,0.089,0.088,0.098,0.104,0.098
1559,0.136,0.142,0.146,0.139,0.122,0.156,0.123,0.548,0.145,0.124,0.132,0.094,0.084,0.100,0.085,0.099,0.089,0.090,0.097,0.114,0.091,0.095,0.098,0.089,0.085,0.097,0.090,0.090,0.095,0.085,0.090,0.089,0.089,0.090,0.091,0.087,0.088,0.095,0.100,0.090,0.089,0.089,0.090,0.091,0.092,0.096,0.100,0.095,0.091,0.103,0.091,0.090,0.091,0.099,0.088,0.090,0.087,0.103,0.132,0.092,0.092,0.096,0.088,0.092,0.101,0.084,0.086,0.084,0.087,0.096,0.096,0.088,0.088,0.093,0.091,0.091,0.088,0.089,0.090,0.087,0.088,0.101,0.114,0.111,0.081,0.116,0.113,0.092,0.522,0.094,0.093,0.089,0.088,0.098,0.104,0.098
1589,0.137,0.142,0.146,0.140,0.122,0.156,0.123,0.547,0.145,0.124,0.132,0.094,0.084,0.100,0.085,0.099,0.089,0.090,0.097,0.114,0.091,0.095,0.098,0.089,0.085,0.097,0.090,0.090,0.095,0.085,0.090,0.089,0.089,0.090,0.091,0.087,0.088,0.095,0.100,0.090,0.089,0.089,0.090,0.090,0.092,0.096,0.100,0.095,0.091,0.103,0.091,0.091,0.091,0.099,0.087,0.090,0.087,0.103,0.132,0.092,0.092,0.096,0.088,0.092,0.101,0.084,0.086,0.084,0.087,0.095,0.096,0.088,0.088,0.093,0.091,0.091,0.088,0.089,0.090,0.087,0.088,0.101,0.114,0.110,0.081,0.116,0.113,0.092,0.521,0.094,0.093,0.089,0.088,0.098,0.104,0.098
1619,0.137,0.143,0.147,0.140,0.122,0.156,0.123,0.545,0.145,0.124,0.133,0.094,0.084,0.100,0.085,0.099,0.089,0.090,0.097,0.115,0.091,0.095,0.098,0.089,0.085,0.097,0.090,0.091,0.096,0.085,0.090,0.089,0.089,0.090,0.091,0.087,0.088,0.095,0.100,0.090,0.089,0.089,0.090,0.090,0.092,0.096,0.100,0.095,0.091,0.103,0.091,0.091,0.091,0.099,0.087,0.090,0.086,0.103,0.132,0.092,0.092,0.096,0.088,0.092,0.102,0.084,0.086,0.084,0.086,0.095,0.096,0.088,0.088,0.093,0.091,0.091,0.088,0.089,0.090,0.087,0.087,0.101,0.114,0.110,0.081,0.116,0.113,0.093,0.519,0.094,0.093,0.089,0.089,0.098,0.104,0.098
1649,0.137,0.143,0.147,0.141,0.123,0.156,0.123,0.543,0.145,0.124,0.133,0.094,0.084,0.100,0.085,0.099,0.089,0.090,0.097,0.116,0.091,0.095,0.098,0.089,0.085,0.098,0.090,0.091,0.096,0.085,0.090,0.089,0.089,0.090,0.091,0.087,0.088,0.095,0.100,0.090,0.089,0.089,0.090,0.090,0.092,0.096,0.100,0.095,0.091,0.103,0.091,0.091,0.091,0.099,0.088,0.090,0.087,0.103,0.132,0.092,0.092,0.096,0.088,0.092,0.102,0.084,0.086,0.084,0.086,0.095,0.096,0.088,0.088,0.093,0.091,0.091,0.088,0.089,0.090,0.087,0.087,0.101,0.114,0.110,0.081,0.117,0.113,0.094,0.518,0.094,0.093,0.089,0.089,0.098,0.105,0.098
1679,0.137,0.143,0.148,0.141,0.123,0.156,0.123,0.542,0.145,0.124,0.133,0.094,0.084,0.100,0.085,0.099,0.089,0.090,0.097,0.116,0.091,0.095,0.098,0.089,0.085,0.098,0.090,0.091,0.096,0.085,0.090,0.089,0.089,0.090,0.091,0.087,0.088,0.095,0.099,0.090,0.089,0.089,0.090,0.090,0.092,0.096,0.100,0.095,0.091,0.103,0.091,0.091,0.091,0.099,0.087,0.090,0.087,0.103,0.132,0.092,0.092,0.096,0.088,0.092,0.102,0.084,0.086,0.084,0.087,0.096,0.096,0.088,0.088,0.093,0.091,0.091,0.088,0.089,0.090,0.087,0.087,0.101,0.114,0.110,0.081,0.117,0.113,0.094,0.517,0.094,0.093,0.089,0.090,0.098,0.105,0.098
1709,0.138,0.144,0.148,0.142,0.123,0.156,0.123,0.540,0.145,0.124,0.133,0.094,0.084,0.100,0.085,0.099,0.089,0.090,0.097,0.117,0.091,0.095,0.099,0.089,0.085,0.098,0.090,0.091,0.096,0.085,0.090,0.089,0.089,0.090,0.091,0.087,0.088,0.095,0.099,0.090,0.089,0.089,0.090,0.090,0.092,0.096,0.100,0.095,0.091,0.103,0.091,0.091,0.091,0.099,0.087,0.090,0.086,0.103,0.132,0.092,0.092,0.096,0.088,0.092,0.102,0.084,0.086,0.084,0.087,0.096,0.096,0.088,0.088,0.093,0.091,0.091,0.088,0.089,0.090,0.087,0.087,0.101,0.114,0.111,0.081,0.117,0.113,0.094,0.516,0.094,0.093,0.089,0.090,0.098,0.105,0.098
1739,0.138,0.144,0.149,0.143,0.124,0.157,0.123,0.539,0.145,0.124,0.133,0.094,0.084,0.100,0.085,0.099,0.089,0.090,0.097,0.117,0.091,0.095,0.099,0.089,0.086,0.098,0.090,0.091,0.096,0.085,0.090,0.089,0.089,0.090,0.091,0.087,0.088,0.095,0.099,0.090,0.089,0.089,0.090,0.090,0.092,0.096,0.100,0.095,0.091,0.103,0.091,0.091,0.091,0.099,0.087,0.090,0.086,0.103,0.132,0.092,0.092,0.096,0.088,0.092,0.102,0.084,0.086,0.084,0.087,0.095,0.096,0.088,0.088,0.093,0.091,0.091,0.088,0.089,0.090,0.087,0.087,0.101,0.114,0.110,0.081,0.117,0.113,0.094,0.515,0.094,0.093,0.089,0.090,0.098,0.105,0.098
1769,0.138,0.145,0.149,0.143,0.124,0.157,0.123,0.537,0.145,0.124,0.133,0.094,0.084,0.100,0.085,0.099,0.089,0.090,0.097,0.118,0.091,0.095,0.099,0.089,0.086,0.098,0.090,0.091,0.096,0.085,0.090,0.089,0.089,0.090,0.091,0.087,0.088,0.095,0.099,0.090,0.089,0.089,0.090,0.090,0.092,0.096,0.100,0.095,0.091,0.103,0.091,0.091,0.091,0.099,0.087,0.090,0.086,0.103,0.132,0.092,0.093,0.096,0.088,0.092,0.102,0.084,0.086,0.084,0.086,0.095,0.096,0.088,0.088,0.093,0.091,0.091,0.088,0.089,0.090,0.087,0.087,0.101,0.114,0.111,0.082,0.117,0.113,0.094,0.514,0.095,0.093,0.089,0.090,0.098,0.105,0.098
1799,0.139,0.144,0.150,0.143,0.124,0.157,0.123,0.536,0.146,0.124,0.133,0.094,0.084,0.100,0.085,0.100,0.089,0.090,0.097,0.119,0.091,0.095,0.099,0.089,0.086,0.098,0.090,0.091,0.095,0.085,0.090,0.089,0.089,0.090,0.091,0.087,0.088,0.095,0.099,0.090,0.089,0.089,0.090,0.090,0.092,0.096,0.100,0.095,0.091,0.103,0.091,0.090,0.091,0.099,0.087,0.090,0.086,0.103,0.132,0.092,0.093,0.097,0.088,0.092,0.102,0.084,0.086,0.084,0.086,0.095,0.096,0.088,0.088,0.093,0.091,0.091,0.088,0.089,0.090,0.087,0.087,0.101,0.114,0.111,0.082,0.117,0.113,0.094,0.513,0.094,0.093,0.089,0.090,0.098,0.105,0.098
1829,0.139,0.145,0.150,0.144,0.124,0.157,0.123,0.534,0.145,0.124,0.133,0.094,0.084,0.100,0.086,0.100,0.089,0.090,0.097,0.119,0.091,0.095,0.099,0.089,0.086,0.098,0.090,0.091,0.096,0.085,0.090,0.089,0.089,0.090,0.091,0.087,0.088,0.095,0.099,0.090,0.089,0.089,0.090,0.090,0.092,0.096,0.100,0.095,0.091,0.103,0.091,0.090,0.091,0.099,0.087,0.090,0.086,0.103,0.132,0.092,0.093,0.097,0.088,0.092,0.102,0.084,0.086,0.084,0.086,0.095,0.096,0.088,0.088,0.093,0.091,0.091,0.088,0.089,0.090,0.087,0.087,0.101,0.114,0.110,0.082,0.117,0.113,0.094,0.511,0.095,0.093,0.089,0.090,0.098,0.105,0.098
1859,0.139,0.145,0.151,0.144,0.124,0.157,0.123,0.533,0.146,0.124,0.133,0.094,0.084,0.100,0.086,0.100,0.089,0.090,0.097,0.119,0.091,0.095,0.099,0.089,0.086,0.098,0.090,0.091,0.096,0.085,0.090,0.089,0.089,0.090,0.091,0.087,0.088,0.095,0.099,0.090,0.089,0.089,0.090,0.090,0.092,0.096,0.100,0.095,0.091,0.103,0.091,0.091,0.091,0.099,0.087,0.090,0.086,0.103,0.132,0.092,0.093,0.096,0.088,0.092,0.102,0.084,0.086,0.084,0.086,0.095,0.096,0.088,0.088,0.093,0.091,0.091,0.088,0.089,0.090,0.087,0.087,0.101,0.114,0.111,0.082,0.117,0.113,0.094,0.511,0.095,0.093,0.089,0.090,0.098,0.105,0.098
1889,0.140,0.145,0.151,0.144,0.124,0.158,0.123,0.531,0.146,0.124,0.133,0.094,0.084,0.101,0.086,0.100,0.089,0.090,0.097,0.119,0.091,0.095,0.099,0.089,0.086,0.098,0.090,0.091,0.096,0.085,0.090,0.089,0.089,0.090,0.091,0.087,0.088,0.095,0.099,0.090,0.089,0.089,0.090,0.090,0.092,0.096,0.100,0.095,0.091,0.103,0.091,0.091,0.091,0.099,0.087,0.090,0.086,0.103,0.133,0.092,0.093,0.096,0.088,0.092,0.102,0.084,0.086,0.084,0.086,0.095,0.096,0.088,0.088,0.093,0.091,0.091,0.088,0.089,0.090,0.087,0.087,0.101,0.115,0.111,0.082,0.117,0.113,0.094,0.510,0.095,0.093,0.089,0.090,0.098,0.105,0.098
1919,0.140,0.146,0.152,0.145,0.124,0.158,0.124,0.530,0.146,0.124,0.133,0.094,0.085,0.101,0.086,0.100,0.089,0.090,0.097,0.119,0.091,0.095,0.099,0.089,0.086,0.098,0.090,0.091,0.096,0.085,0.090,0.089,0.089,0.090,0.091,0.087,0.088,0.095,0.099,0.090,0.089,0.089,0.090,0.090,0.092,0.096,0.100,0.094,0.091,0.103,0.091,0.091,0.091,0.099,0.087,0.090,0.086,0.103,0.133,0.092,0.093,0.096,0.088,0.092,0.102,0.084,0.086,0.084,0.086,0.095,0.096,0.088,0.088,0.093,0.091,0.091,0.088,0.089,0.090,0.087,0.087,0.101,0.115,0.111,0.082,0.117,0.113,0.095,0.508,0.095,0.093,0.089,0.089,0.099,0.105,0.098
1949,0.140,0.146,0.152,0.145,0.124,0.158,0.124,0.528,0.146,0.124,0.133,0.094,0.085,0.101,0.086,0.100,0.089,0.090,0.097,0.119,0.091,0.095,0.099,0.089,0.086,0.098,0.090,0.091,0.096,0.085,0.090,0.089,0.089,0.090,0.091,0.087,0.088,0.095,0.099,0.090,0.089,0.089,0.090,0.090,0.092,0.096,0.100,0.095,0.091,0.103,0.091,0.091,0.091,0.099,0.087,0.090,0.086,0.103,0.133,0.092,0.093,0.097,0.088,0.092,0.102,0.084,0.086,0.084,0.086,0.095,0.096,0.088,0.088,0.093,0.091,0.091,0.088,0.089,0.090,0.087,0.087,0.101,0.115,0.110,0.082,0.117,0.113,0.094,0.507,0.095,0.093,0.089,0.089,0.098,0.105,0.098
1979,0.141,0.146,0.153,0.145,0.125,0.159,0.124,0.527,0.146,0.125,0.133,0.094,0.085,0.101,0.086,0.100,0.089,0.090,0.096,0.119,0.091,0.094,0.099,0.089,0.086,0.098,0.090,0.091,0.096,0.085,0.090,0.089,0.089,0.090,0.091,0.087,0.088,0.095,0.099,0.090,0.089,0.089,0.090,0.090,0.092,0.096,0.100,0.094,0.091,0.103,0.091,0.090,0.091,0.099,0.087,0.090,0.086,0.103,0.133,0.092,0.093,0.097,0.088,0.092,0.102,0.084,0.086,0.084,0.086,0.095,0.096,0.088,0.088,0.093,0.091,0.091,0.088,0.089,0.090,0.087,0.087,0.101,0.115,0.111,0.082,0.117,0.113,0.093,0.506,0.095,0.093,0.089,0.090,0.098,0.105,0.098
2009,0.141,0.147,0.153,0.145,0.125,0.159,0.124,0.526,0.146,0.125,0.134,0.094,0.085,0.101,0.086,0.100,0.089,0.090,0.096,0.118,0.091,0.094,0.099,0.089,0.086,0.098,0.090,0.091,0.096,0.085,0.090,0.089,0.089,0.090,0.091,0.087,0.088,0.096,0.099,0.090,0.089,0.089,0.090,0.090,0.092,0.096,0.100,0.095,0.091,0.103,0.091,0.091,0.091,0.099,0.087,0.090,0.086,0.103,0.133,0.092,0.093,0.097,0.088,0.092,0.102,0.084,0.086,0.084,0.086,0.095,0.096,0.088,0.088,0.094,0.091,0.091,0.088,0.089,0.090,0.087,0.087,0.101,0.115,0.111,0.082,0.117,0.113,0.093,0.505,0.095,0.093,0.089,0.089,0.099,0.105,0.098
2039,0.142,0.146,0.154,0.146,0.125,0.159,0.124,0.524,0.146,0.125,0.134,0.094,0.085,0.101,0.086,0.100,0.089,0.090,0.096,0.117,0.091,0.094,0.099,0.089,0.086,0.098,0.090,0.091,0.096,0.085,0.090,0.089,0.089,0.090,0.091,0.087,0.088,0.095,0.099,0.090,0.089,0.089,0.090,0.090,0.092,0.096,0.100,0.094,0.091,0.103,0.091,0.090,0.091,0.099,0.087,0.090,0.086,0.103,0.133,0.092,0.093,0.096,0.088,0.092,0.102,0.084,0.086,0.084,0.086,0.095,0.096,0.088,0.088,0.094,0.091,0.091,0.088,0.089,0.090,0.087,0.087,0.101,0.115,0.111,0.082,0.117,0.114,0.093,0.504,0.095,0.093,0.089,0.089,0.099,0.105,0.098
2069,0.142,0.147,0.154,0.146,0.125,0.159,0.124,0.523,0.146,0.125,0.134,0.094,0.085,0.101,0.086,0.100,0.089,0.090,0.096,0.117,0.091,0.095,0.099,0.089,0.086,0.098,0.090,0.091,0.096,0.085,0.090,0.089,0.089,0.090,0.091,0.087,0.088,0.095,0.099,0.090,0.089,0.089,0.090,0.090,0.092,0.096,0.100,0.094,0.091,0.104,0.091,0.090,0.091,0.099,0.087,0.090,0.086,0.103,0.133,0.092,0.093,0.097,0.088,0.092,0.102,0.084,0.086,0.084,0.086,0.096,0.096,0.088,0.088,0.094,0.091,0.091,0.088,0.089,0.090,0.086,0.087,0.101,0.115,0.110,0.082,0.118,0.114,0.093,0.503,0.095,0.093,0.089,0.089,0.099,0.105,0.098
2099,0.143,0.147,0.155,0.146,0.125,0.160,0.124,0.521,0.146,0.125,0.134,0.094,0.085,0.101,0.086,0.100,0.089,0.090,0.096,0.116,0.091,0.095,0.099,0.089,0.087,0.098,0.090,0.091,0.096,0.085,0.090,0.089,0.089,0.090,0.091,0.087,0.088,0.095,0.099,0.090,0.089,0.089,0.090,0.090,0.092,0.096,0.100,0.094,0.091,0.104,0.091,0.090,0.091,0.099,0.087,0.090,0.086,0.103,0.133,0.092,0.093,0.097,0.088,0.092,0.103,0.084,0.086,0.084,0.086,0.095,0.096,0.088,0.088,0.094,0.091,0.091,0.088,0.089,0.090,0.087,0.087,0.101,0.115,0.111,0.082,0.118,0.114,0.092,0.502,0.095,0.093,0.089,0.089,0.099,0.106,0.098
2129,0.143,0.147,0.155,0.147,0.126,0.160,0.124,0.520,0.146,0.125,0.134,0.094,0.085,0.101,0.086,0.100,0.089,0.090,0.096,0.116,0.091,0.095,0.099,0.089,0.087,0.099,0.091,0.091,0.096,0.085,0.090,0.089,0.089,0.090,0.091,0.087,0.088,0.095,0.099,0.090,0.089,0.089,0.090,0.090,0.092,0.096,0.100,0.094,0.091,0.104,0.091,0.090,0.091,0.099,0.087,0.090,0.086,0.103,0.133,0.092,0.093,0.096,0.088,0.092,0.103,0.084,0.086,0.084,0.086,0.095,0.096,0.088,0.088,0.094,0.091,0.091,0.088,0.089,0.090,0.087,0.087,0.101,0.115,0.110,0.082,0.118,0.114,0.092,0.501,0.095,0.093,0.089,0.089,0.099,0.105,0.098
2159,0.144,0.147,0.155,0.147,0.126,0.160,0.124,0.519,0.147,0.125,0.134,0.094,0.085,0.101,0.086,0.100,0.090,0.090,0.096,0.117,0.091,0.094,0.099,0.089,0.087,0.099,0.090,0.091,0.096,0.085,0.090,0.089,0.089,0.090,0.091,0.087,0.088,0.095,0.099,0.090,0.089,0.089,0.090,0.090,0.092,0.096,0.100,0.094,0.091,0.104,0.091,0.090,0.091,0.099,0.087,0.090,0.086,0.103,0.133,0.092,0.093,0.097,0.088,0.092,0.103,0.084,0.086,0.084,0.086,0.096,0.096,0.088,0.088,0.094,0.091,0.091,0.088,0.089,0.090,0.087,0.087,0.101,0.115,0.111,0.083,0.118,0.114,0.092,0.500,0.095,0.093,0.089,0.089,0.099,0.106,0.098
2189,0.144,0.147,0.156,0.147,0.126,0.160,0.125,0.517,0.147,0.125,0.134,0.094,0.085,0.101,0.086,0.100,0.090,0.090,0.096,0.116,0.091,0.094,0.100,0.089,0.087,0.099,0.090,0.091,0.096,0.085,0.090,0.089,0.089,0.090,0.091,0.087,0.088,0.096,0.099,0.090,0.089,0.089,0.090,0.090,0.092,0.096,0.100,0.094,0.091,0.104,0.091,0.090,0.091,0.099,0.087,0.090,0.086,0.103,0.133,0.092,0.093,0.097,0.088,0.092,0.103,0.084,0.086,0.084,0.086,0.095,0.096,0.088,0.088,0.094,0.091,0.091,0.088,0.089,0.090,0.087,0.087,0.101,0.115,0.111,0.083,0.118,0.114,0.092,0.499,0.095,0.093,0.089,0.089,0.099,0.106,0.098
2219,0.144,0.147,0.156,0.147,0.127,0.161,0.125,0.516,0.147,0.125,0.134,0.094,0.085,0.101,0.086,0.100,0.089,0.090,0.096,0.117,0.091,0.095,0.100,0.089,0.087,0.099,0.091,0.091,0.096,0.085,0.090,0.089,0.089,0.090,0.091,0.087,0.088,0.096,0.099,0.090,0.089,0.089,0.090,0.090,0.092,0.096,0.100,0.094,0.091,0.104,0.091,0.090,0.091,0.099,0.087,0.090,0.086,0.103,0.133,0.092,0.093,0.097,0.088,0.092,0.103,0.084,0.086,0.084,0.086,0.096,0.096,0.088,0.088,0.094,0.091,0.091,0.088,0.089,0.090,0.086,0.087,0.101,0.115,0.110,0.083,0.118,0.114,0.092,0.498,0.095,0.093,0.089,0.089,0.099,0.106,0.098
2249,0.145,0.148,0.156,0.148,0.127,0.161,0.125,0.514,0.147,0.125,0.134,0.094,0.085,0.101,0.086,0.101,0.090,0.090,0.096,0.116,0.091,0.094,0.099,0.089,0.087,0.099,0.090,0.091,0.097,0.085,0.090,0.089,0.089,0.090,0.091,0.087,0.088,0.095,0.099,0.090,0.089,0.089,0.090,0.090,0.092,0.096,0.100,0.094,0.091,0.104,0.091,0.090,0.091,0.099,0.087,0.090,0.086,0.103,0.133,0.092,0.093,0.097,0.088,0.092,0.103,0.084,0.086,0.084,0.086,0.095,0.096,0.088,0.088,0.094,0.091,0.091,0.088,0.089,0.090,0.086,0.087,0.101,0.115,0.111,0.083,0.118,0.114,0.092,0.497,0.095,0.093,0.089,0.089,0.099,0.106,0.098
2279,0.145,0.148,0.157,0.148,0.127,0.161,0.125,0.513,0.147,0.125,0.134,0.094,0.085,0.101,0.086,0.101,0.090,0.090,0.096,0.116,0.091,0.094,0.100,0.089,0.087,0.099,0.091,0.091,0.097,0.085,0.090,0.089,0.089,0.090,0.091,0.087,0.088,0.096,0.099,0.090,0.089,0.089,0.090,0.090,0.092,0.096,0.100,0.094,0.091,0.104,0.091,0.090,0.092,0.099,0.087,0.090,0.086,0.103,0.133,0.091,0.093,0.097,0.088,0.092,0.103,0.084,0.086,0.084,0.086,0.095,0.096,0.088,0.088,0.094,0.091,0.091,0.088,0.089,0.090,0.086,0.087,0.101,0.115,0.110,0.083,0.118,0.114,0.092,0.496,0.095,0.093,0.089,0.089,0.099,0.106,0.098
2309,0.145,0.148,0.157,0.148,0.127,0.161,0.125,0.512,0.147,0.126,0.134,0.094,0.085,0.101,0.086,0.101,0.090,0.090,0.096,0.116,0.091,0.094,0.100,0.089,0.087,0.099,0.091,0.090,0.097,0.085,0.090,0.089,0.089,0.090,0.091,0.087,0.088,0.096,0.099,0.090,0.089,0.089,0.090,0.090,0.092,0.096,0.100,0.094,0.091,0.104,0.091,0.090,0.092,0.099,0.087,0.090,0.086,0.103,0.133,0.092,0.093,0.097,0.088,0.092,0.103,0.084,0.086,0.084,0.086,0.095,0.096,0.088,0.088,0.094,0.091,0.091,0.088,0.089,0.090,0.086,0.087,0.101,0.115,0.110,0.083,0.118,0.114,0.092,0.495,0.095,0.093,0.089,0.089,0.099,0.106,0.098
2339,0.146,0.147,0.157,0.148,0.127,0.161,0.125,0.511,0.147,0.126,0.134,0.094,0.085,0.102,0.086,0.101,0.090,0.090,0.096,0.116,0.091,0.094,0.100,0.089,0.087,0.099,0.091,0.090,0.097,0.085,0.090,0.089,0.089,0.090,0.091,0.087,0.088,0.096,0.099,0.090,0.089,0.089,0.090,0.090,0.092,0.096,0.100,0.094,0.091,0.104,0.091,0.090,0.092,0.099,0.087,0.090,0.086,0.103,0.133,0.092,0.093,0.097,0.088,0.092,0.103,0.084,0.086,0.084,0.086,0.096,0.096,0.088,0.088,0.094,0.091,0.091,0.088,0.089,0.090,0.086,0.087,0.101,0.115,0.111,0.083,0.118,0.114,0.092,0.494,0.095,0.093,0.089,0.089,0.099,0.106,0.098
2369,0.146,0.147,0.157,0.148,0.127,0.161,0.125,0.509,0.148,0.125,0.135,0.094,0.085,0.102,0.086,0.101,0.090,0.090,0.096,0.116,0.091,0.094,0.100,0.089,0.087,0.099,0.091,0.090,0.097,0.085,0.090,0.089,0.089,0.090,0.091,0.087,0.088,0.096,0.099,0.090,0.089,0.089,0.090,0.090,0.092,0.096,0.100,0.094,0.091,0.104,0.091,0.090,0.092,0.099,0.087,0.090,0.086,0.103,0.133,0.092,0.093,0.097,0.088,0.092,0.103,0.084,0.086,0.084,0.086,0.095,0.096,0.088,0.088,0.094,0.091,0.091,0.088,0.089,0.090,0.086,0.087,0.101,0.115,0.110,0.083,0.119,0.114,0.092,0.493,0.095,0.093,0.089,0.089,0.099,0.106,0.098
2399,0.146,0.148,0.157,0.149,0.128,0.162,0.125,0.508,0.148,0.125,0.135,0.094,0.085,0.102,0.086,0.101,0.090,0.090,0.096,0.116,0.091,0.094,0.100,0.089,0.088,0.099,0.091,0.090,0.097,0.085,0.090,0.089,0.089,0.090,0.091,0.087,0.088,0.096,0.099,0.090,0.089,0.089,0.090,0.090,0.092,0.096,0.100,0.094,0.091,0.104,0.091,0.090,0.092,0.099,0.087,0.090,0.086,0.103,0.133,0.092,0.093,0.097,0.088,0.092,0.103,0.084,0.086,0.084,0.086,0.095,0.096,0.088,0.088,0.094,0.091,0.091,0.088,0.089,0.090,0.086,0.087,0.101,0.115,0.111,0.083,0.119,0.114,0.092,0.492,0.095,0.093,0.089,0.088,0.099,0.106,0.098
2429,0.146,0.148,0.157,0.149,0.128,0.162,0.125,0.507,0.148,0.125,0.135,0.094,0.086,0.102,0.086,0.101,0.090,0.090,0.096,0.116,0.091,0.094,0.100,0.089,0.088,0.099,0.091,0.090,0.097,0.085,0.090,0.089,0.089,0.090,0.091,0.087,0.088,0.096,0.099,0.090,0.089,0.089,0.090,0.090,0.092,0.096,0.100,0.094,0.091,0.104,0.091,0.090,0.092,0.099,0.087,0.090,0.086,0.103,0.133,0.091,0.093,0.097,0.088,0.092,0.103,0.084,0.086,0.084,0.086,0.095,0.096,0.088,0.088,0.094,0.091,0.091,0.088,0.089,0.090,0.086,0.087,0.101,0.115,0.111,0.083,0.119,0.114,0.092,0.491,0.095,0.093,0.089,0.088,0.099,0.106,0.098
2459,0.147,0.148,0.157,0.149,0.128,0.162,0.126,0.506,0.149,0.125,0.135,0.094,0.086,0.102,0.086,0.101,0.090,0.090,0.096,0.116,0.091,0.095,0.100,0.089,0.088,0.099,0.091,0.090,0.098,0.085,0.090,0.089,0.089,0.090,0.091,0.087,0.088,0.096,0.099,0.090,0.089,0.089,0.090,0.090,0.092,0.096,0.100,0.094,0.091,0.104,0.091,0.091,0.092,0.099,0.087,0.090,0.086,0.103,0.133,0.092,0.093,0.097,0.088,0.092,0.103,0.084,0.086,0.084,0.086,0.095,0.096,0.088,0.088,0.094,0.091,0.091,0.088,0.089,0.090,0.086,0.087,0.101,0.115,0.111,0.083,0.119,0.114,0.092,0.490,0.095,0.093,0.089,0.088,0.099,0.106,0.098
2489,0.147,0.148,0.157,0.149,0.128,0.162,0.126,0.505,0.149,0.125,0.135,0.094,0.086,0.102,0.087,0.101,0.090,0.090,0.096,0.116,0.091,0.095,0.100,0.089,0.088,0.100,0.091,0.090,0.098,0.085,0.090,0.089,0.089,0.090,0.091,0.087,0.088,0.096,0.099,0.090,0.089,0.089,0.090,0.090,0.092,0.096,0.100,0.094,0.091,0.104,0.091,0.090,0.092,0.099,0.087,0.090,0.086,0.103,0.133,0.091,0.093,0.097,0.088,0.092,0.103,0.084,0.086,0.084,0.086,0.095,0.096,0.088,0.088,0.094,0.091,0.091,0.088,0.089,0.090,0.086,0.087,0.101,0.115,0.111,0.083,0.119,0.114,0.092,0.489,0.095,0.093,0.089,0.088,0.099,0.106,0.098
2519,0.147,0.148,0.158,0.150,0.128,0.163,0.126,0.503,0.149,0.125,0.135,0.094,0.086,0.102,0.087,0.101,0.090,0.090,0.096,0.117,0.091,0.094,0.100,0.089,0.088,0.100,0.091,0.090,0.098,0.085,0.090,0.089,0.089,0.090,0.091,0.087,0.088,0.096,0.099,0.090,0.089,0.089,0.090,0.090,0.092,0.096,0.100,0.094,0.091,0.104,0.091,0.090,0.092,0.099,0.087,0.090,0.086,0.103,0.133,0.091,0.093,0.097,0.088,0.092,0.103,0.084,0.086,0.084,0.086,0.095,0.096,0.087,0.088,0.094,0.091,0.091,0.088,0.089,0.090,0.086,0.087,0.101,0.115,0.111,0.083,0.119,0.114,0.093,0.488,0.095,0.093,0.089,0.088,0.099,0.106,0.098
2549,0.147,0.148,0.157,0.150,0.128,0.163,0.126,0.502,0.149,0.125,0.135,0.094,0.086,0.102,0.087,0.101,0.090,0.090,0.096,0.116,0.091,0.094,0.100,0.089,0.088,0.100,0.091,0.090,0.098,0.085,0.090,0.089,0.089,0.090,0.091,0.087,0.088,0.096,0.099,0.090,0.089,0.089,0.090,0.090,0.092,0.096,0.100,0.094,0.091,0.104,0.091,0.090,0.092,0.099,0.087,0.090,0.086,0.103,0.133,0.091,0.093,0.097,0.088,0.092,0.103,0.084,0.086,0.084,0.086,0.095,0.096,0.088,0.088,0.094,0.091,0.091,0.088,0.089,0.090,0.086,0.087,0.101,0.115,0.111,0.084,0.119,0.114,0.094,0.487,0.095,0.093,0.089,0.088,0.099,0.106,0.098
2579,0.148,0.148,0.158,0.150,0.128,0.163,0.127,0.501,0.149,0.125,0.135,0.094,0.086,0.102,0.087,0.101,0.090,0.090,0.096,0.116,0.091,0.094,0.100,0.089,0.088,0.100,0.091,0.090,0.098,0.085,0.090,0.089,0.089,0.090,0.091,0.087,0.088,0.096,0.099,0.090,0.089,0.089,0.090,0.090,0.092,0.096,0.100,0.094,0.091,0.104,0.091,0.090,0.092,0.099,0.087,0.090,0.086,0.103,0.133,0.091,0.093,0.097,0.088,0.092,0.103,0.084,0.086,0.084,0.086,0.095,0.096,0.087,0.088,0.094,0.091,0.091,0.088,0.089,0.090,0.086,0.087,0.101,0.115,0.111,0.084,0.120,0.114,0.094,0.486,0.095,0.093,0.089,0.088,0.099,0.106,0.098
2609,0.148,0.148,0.158,0.150,0.129,0.163,0.127,0.500,0.149,0.126,0.135,0.094,0.086,0.102,0.087,0.101,0.090,0.090,0.096,0.116,0.091,0.094,0.100,0.089,0.088,0.100,0.091,0.090,0.098,0.085,0.090,0.089,0.089,0.090,0.091,0.087,0.088,0.096,0.099,0.089,0.089,0.089,0.090,0.090,0.092,0.095,0.100,0.094,0.091,0.104,0.091,0.090,0.092,0.099,0.087,0.090,0.086,0.103,0.133,0.091,0.093,0.097,0.088,0.092,0.103,0.084,0.086,0.084,0.086,0.095,0.096,0.087,0.088,0.094,0.091,0.091,0.088,0.089,0.090,0.086,0.087,0.101,0.115,0.111,0.084,0.120,0.114,0.094,0.486,0.095,0.093,0.089,0.088,0.099,0.106,0.098
2639,0.148,0.149,0.158,0.150,0.129,0.163,0.127,0.499,0.149,0.126,0.135,0.094,0.086,0.102,0.087,0.101,0.090,0.090,0.096,0.116,0.091,0.094,0.101,0.089,0.088,0.100,0.091,0.090,0.098,0.085,0.090,0.089,0.089,0.090,0.091,0.087,0.088,0.096,0.099,0.090,0.089,0.089,0.090,0.091,0.092,0.096,0.100,0.094,0.091,0.104,0.091,0.090,0.092,0.099,0.087,0.090,0.086,0.103,0.133,0.091,0.093,0.097,0.088,0.093,0.103,0.084,0.086,0.084,0.086,0.095,0.096,0.088,0.088,0.094,0.091,0.091,0.088,0.089,0.090,0.086,0.087,0.101,0.115,0.111,0.084,0.120,0.114,0.093,0.485,0.095,0.093,0.089,0.088,0.099,0.106,0.098
2669,0.149,0.149,0.158,0.151,0.129,0.163,0.127,0.498,0.149,0.126,0.136,0.094,0.086,0.102,0.087,0.101,0.090,0.090,0.096,0.116,0.091,0.094,0.101,0.089,0.088,0.100,0.091,0.090,0.099,0.085,0.090,0.089,0.089,0.090,0.091,0.087,0.088,0.096,0.099,0.090,0.089,0.089,0.090,0.091,0.092,0.096,0.100,0.094,0.091,0.104,0.091,0.090,0.092,0.099,0.087,0.090,0.086,0.103,0.133,0.091,0.093,0.097,0.088,0.093,0.103,0.084,0.086,0.084,0.086,0.095,0.096,0.088,0.088,0.094,0.091,0.091,0.088,0.089,0.090,0.086,0.087,0.101,0.115,0.111,0.084,0.120,0.115,0.094,0.484,0.095,0.093,0.089,0.088,0.099,0.107,0.099
2699,0.149,0.149,0.158,0.151,0.129,0.163,0.127,0.497,0.149,0.126,0.137,0.094,0.086,0.102,0.087,0.101,0.090,0.090,0.096,0.116,0.091,0.094,0.101,0.089,0.088,0.100,0.091,0.090,0.099,0.086,0.090,0.089,0.089,0.090,0.091,0.087,0.088,0.096,0.099,0.090,0.090,0.089,0.090,0.091,0.092,0.096,0.100,0.094,0.091,0.104,0.091,0.090,0.092,0.099,0.087,0.090,0.086,0.103,0.134,0.092,0.093,0.097,0.088,0.093,0.103,0.084,0.086,0.084,0.086,0.095,0.096,0.088,0.088,0.094,0.091,0.091,0.088,0.089,0.090,0.086,0.087,0.101,0.115,0.111,0.084,0.120,0.115,0.094,0.484,0.095,0.093,0.089,0.088,0.099,0.107,0.099
2729,0.149,0.149,0.158,0.151,0.129,0.164,0.127,0.496,0.149,0.126,0.137,0.094,0.086,0.102,0.087,0.101,0.090,0.090,0.096,0.117,0.091,0.094,0.101,0.089,0.088,0.100,0.091,0.090,0.099,0.085,0.090,0.089,0.089,0.090,0.091,0.087,0.088,0.096,0.099,0.089,0.089,0.089,0.090,0.091,0.092,0.096,0.100,0.094,0.091,0.104,0.091,0.090,0.092,0.099,0.087,0.090,0.086,0.103,0.134,0.091,0.093,0.097,0.088,0.092,0.103,0.084,0.086,0.084,0.086,0.095,0.096,0.087,0.088,0.094,0.091,0.091,0.088,0.088,0.090,0.086,0.087,0.101,0.115,0.111,0.084,0.120,0.115,0.093,0.482,0.095,0.093,0.089,0.088,0.099,0.107,0.098
2759,0.149,0.149,0.158,0.151,0.129,0.164,0.127,0.495,0.150,0.126,0.137,0.094,0.086,0.102,0.087,0.101,0.090,0.090,0.096,0.116,0.091,0.094,0.101,0.089,0.088,0.100,0.091,0.090,0.100,0.085,0.090,0.089,0.089,0.090,0.091,0.087,0.088,0.096,0.099,0.089,0.089,0.089,0.090,0.091,0.092,0.096,0.100,0.094,0.091,0.104,0.091,0.090,0.092,0.099,0.087,0.090,0.086,0.103,0.134,0.091,0.093,0.097,0.088,0.092,0.103,0.084,0.086,0.084,0.086,0.095,0.096,0.087,0.088,0.094,0.091,0.091,0.088,0.088,0.090,0.086,0.087,0.101,0.115,0.111,0.084,0.120,0.115,0.093,0.482,0.095,0.093,0.089,0.088,0.099,0.107,0.098
2789,0.150,0.149,0.158,0.152,0.130,0.164,0.127,0.494,0.149,0.126,0.137,0.094,0.086,0.102,0.087,0.102,0.090,0.090,0.096,0.116,0.091,0.094,0.101,0.089,0.088,0.100,0.091,0.090,0.100,0.085,0.090,0.089,0.089,0.090,0.091,0.087,0.088,0.096,0.098,0.089,0.089,0.089,0.090,0.091,0.092,0.096,0.100,0.094,0.091,0.104,0.091,0.090,0.092,0.099,0.087,0.090,0.086,0.103,0.133,0.091,0.093,0.097,0.088,0.093,0.103,0.084,0.086,0.084,0.086,0.095,0.096,0.087,0.088,0.094,0.091,0.091,0.088,0.088,0.090,0.086,0.087,0.101,0.115,0.111,0.084,0.120,0.115,0.093,0.481,0.095,0.093,0.089,0.088,0.099,0.107,0.099
2819,0.150,0.149,0.158,0.152,0.129,0.164,0.127,0.493,0.149,0.126,0.137,0.094,0.086,0.102,0.087,0.102,0.090,0.090,0.096,0.116,0.091,0.094,0.101,0.089,0.088,0.100,0.091,0.090,0.100,0.085,0.090,0.089,0.089,0.089,0.091,0.087,0.088,0.096,0.098,0.089,0.089,0.088,0.090,0.090,0.092,0.095,0.100,0.094,0.091,0.104,0.091,0.090,0.092,0.099,0.087,0.090,0.086,0.103,0.133,0.091,0.093,0.096,0.088,0.093,0.103,0.084,0.086,0.084,0.086,0.095,0.096,0.088,0.088,0.094,0.091,0.091,0.088,0.088,0.090,0.086,0.087,0.101,0.115,0.111,0.084,0.120,0.115,0.093,0.480,0.095,0.093,0.089,0.088,0.099,0.107,0.098
2849,0.150,0.149,0.158,0.152,0.130,0.164,0.127,0.492,0.149,0.126,0.138,0.094,0.086,0.103,0.086,0.102,0.090,0.090,0.096,0.116,0.091,0.094,0.101,0.089,0.088,0.100,0.091,0.090,0.100,0.085,0.090,0.089,0.089,0.090,0.091,0.087,0.088,0.096,0.098,0.089,0.089,0.089,0.090,0.090,0.092,0.096,0.100,0.094,0.091,0.104,0.091,0.090,0.092,0.099,0.087,0.090,0.086,0.103,0.133,0.091,0.093,0.097,0.087,0.093,0.103,0.084,0.086,0.084,0.086,0.095,0.096,0.087,0.087,0.094,0.091,0.091,0.088,0.088,0.090,0.086,0.087,0.101,0.116,0.111,0.084,0.120,0.115,0.093,0.479,0.095,0.093,0.089,0.088,0.099,0.107,0.098
2879,0.150,0.149,0.158,0.152,0.130,0.164,0.128,0.491,0.150,0.126,0.138,0.094,0.086,0.103,0.087,0.102,0.090,0.090,0.096,0.116,0.091,0.094,0.101,0.089,0.088,0.100,0.091,0.090,0.100,0.085,0.090,0.089,0.089,0.090,0.091,0.087,0.088,0.096,0.098,0.089,0.089,0.089,0.090,0.090,0.092,0.095,0.100,0.094,0.091,0.104,0.091,0.090,0.092,0.099,0.087,0.090,0.086,0.103,0.134,0.091,0.093,0.097,0.087,0.092,0.103,0.084,0.086,0.084,0.086,0.095,0.096,0.087,0.087,0.094,0.091,0.091,0.088,0.088,0.090,0.086,0.087,0.101,0.116,0.111,0.084,0.120,0.115,0.093,0.478,0.095,0.093,0.089,0.088,0.100,0.107,0.098
2909,0.141,0.142,0.149,0.145,0.122,0.157,0.119,0.488,0.141,0.118,0.130,0.085,0.078,0.094,0.078,0.093,0.082,0.082,0.092,0.105,0.082,0.085,0.092,0.080,0.080,0.092,0.083,0.081,0.091,0.077,0.081,0.080,0.080,0.081,0.082,0.077,0.080,0.087,0.091,0.081,0.081,0.080,0.081,0.081,0.082,0.086,0.089,0.084,0.083,0.097,0.082,0.083,0.083,0.090,0.078,0.081,0.076,0.093,0.124,0.082,0.086,0.089,0.079,0.085,0.095,0.075,0.077,0.074,0.076,0.085,0.087,0.077,0.080,0.086,0.083,0.082,0.079,0.080,0.080,0.077,0.077,0.091,0.106,0.102,0.076,0.111,0.107,0.085,0.526,0.086,0.084,0.080,0.079,0.090,0.098,0.090
2939,0.141,0.142,0.149,0.145,0.122,0.157,0.120,0.487,0.141,0.118,0.130,0.085,0.078,0.094,0.078,0.093,0.082,0.081,0.092,0.105,0.083,0.085,0.092,0.080,0.080,0.092,0.083,0.081,0.091,0.077,0.081,0.080,0.080,0.081,0.082,0.077,0.081,0.087,0.090,0.081,0.081,0.080,0.081,0.081,0.082,0.086,0.089,0.084,0.083,0.097,0.082,0.083,0.083,0.090,0.078,0.081,0.076,0.093,0.124,0.082,0.086,0.089,0.079,0.085,0.094,0.075,0.077,0.074,0.076,0.085,0.087,0.077,0.080,0.086,0.084,0.082,0.079,0.080,0.080,0.077,0.077,0.091,0.106,0.101,0.076,0.111,0.107,0.085,0.525,0.086,0.084,0.080,0.079,0.091,0.098,0.090
2969,0.141,0.143,0.149,0.145,0.122,0.157,0.120,0.486,0.141,0.119,0.129,0.085,0.078,0.094,0.078,0.093,0.082,0.081,0.092,0.105,0.082,0.085,0.092,0.080,0.080,0.092,0.083,0.081,0.091,0.077,0.081,0.080,0.080,0.081,0.082,0.077,0.081,0.087,0.091,0.081,0.081,0.080,0.081,0.081,0.082,0.086,0.089,0.084,0.083,0.097,0.082,0.083,0.083,0.090,0.078,0.081,0.076,0.093,0.124,0.081,0.086,0.089,0.079,0.085,0.095,0.075,0.077,0.074,0.076,0.085,0.087,0.077,0.080,0.086,0.083,0.082,0.079,0.080,0.080,0.077,0.077,0.091,0.106,0.102,0.076,0.111,0.107,0.085,0.524,0.086,0.084,0.080,0.079,0.091,0.098,0.090
2999,0.142,0.142,0.149,0.146,0.122,0.157,0.119,0.485,0.142,0.120,0.129,0.085,0.078,0.094,0.078,0.093,0.082,0.081,0.092,0.105,0.082,0.085,0.092,0.080,0.080,0.092,0.083,0.081,0.091,0.076,0.081,0.080,0.080,0.080,0.082,0.077,0.080,0.087,0.090,0.081,0.080,0.079,0.081,0.080,0.082,0.085,0.089,0.084,0.083,0.097,0.082,0.082,0.083,0.090,0.077,0.081,0.076,0.093,0.124,0.081,0.086,0.089,0.079,0.085,0.094,0.075,0.077,0.074,0.076,0.085,0.086,0.077,0.080,0.086,0.083,0.082,0.079,0.080,0.080,0.076,0.077,0.091,0.106,0.101,0.076,0.111,0.107,0.085,0.527,0.086,0.084,0.080,0.079,0.090,0.098,0.090
3029,0.142,0.143,0.149,0.146,0.122,0.157,0.120,0.484,0.142,0.120,0.130,0.085,0.078,0.095,0.078,0.093,0.082,0.081,0.092,0.105,0.082,0.085,0.092,0.080,0.080,0.092,0.083,0.081,0.091,0.076,0.081,0.080,0.080,0.081,0.082,0.077,0.080,0.087,0.091,0.081,0.080,0.080,0.081,0.080,0.082,0.085,0.089,0.084,0.083,0.097,0.082,0.082,0.083,0.090,0.077,0.081,0.076,0.093,0.124,0.081,0.086,0.089,0.079,0.085,0.094,0.075,0.077,0.074,0.076,0.085,0.086,0.077,0.080,0.086,0.083,0.082,0.079,0.080,0.080,0.076,0.077,0.091,0.106,0.101,0.076,0.111,0.107,0.085,0.525,0.086,0.084,0.080,0.079,0.090,0.098,0.090
,,,,,,,,,,,,,,,,,,,,,,,,,,,,,,,,,,,,,,,,,,,,,,,,,,,,,,,,,,,,,,,,,,,,,,,,,,,,,,,,,,,,,,,,,,,,,,,,
,,,,,,,,,,,,,,,,,,,,,,,,,,,,,,,,,,,,,,,,,,,,,,,,,,,,,,,,,,,,,,,,,,,,,,,,,,,,,,,,,,,,,,,,,,,,,,,,
,,,,,,,,,,,,,,,,,,,,,,,,,,,,,,,,,,,,,,,,,,,,,,,,,,,,,,,,,,,,,,,,,,,,,,,,,,,,,,,,,,,,,,,,,,,,,,,,
,1,2,3,4,5,6,7,8,9,10,11,12,,,,,,,,,,,,,,,,,,,,,,,,,,,,,,,,,,,,,,,,,,,,,,,,,,,,,,,,,,,,,,,,,,,,,,,,,,,,,,,,,,,,
A,Sample 1,Sample 9,Sample 17,Sample 25,Sample 33,Sample 41,Sample 49,Sample 57,Sample 65,Sample 73,Sample 81,Sample 89,,,,,,,,,,,,,,,,,,,,,,,,,,,,,,,,,,,,,,,,,,,,,,,,,,,,,,,,,,,,,,,,,,,,,,,,,,,,,,,,,,,,
B,Sample 2,Sample 10,Sample 18,Sample 26,Sample 34,Sample 42,Sample 50,Sample 58,Sample 66,Sample 74,Sample 82,Sample 90,,,,,,,,,,,,,,,,,,,,,,,,,,,,,,,,,,,,,,,,,,,,,,,,,,,,,,,,,,,,,,,,,,,,,,,,,,,,,,,,,,,,
C,Sample 3,Sample 11,Sample 19,Sample 27,Sample 35,Sample 43,Sample 51,Sample 59,Sample 67,Sample 75,Sample 83,Sample 91,,,,,,,,,,,,,,,,,,,,,,,,,,,,,,,,,,,,,,,,,,,,,,,,,,,,,,,,,,,,,,,,,,,,,,,,,,,,,,,,,,,,
D,Sample 4,Sample 12,Sample 20,Sample 28,Sample 36,Sample 44,Sample 52,Sample 60,Sample 68,Sample 76,Sample 84,Sample 92,,,,,,,,,,,,,,,,,,,,,,,,,,,,,,,,,,,,,,,,,,,,,,,,,,,,,,,,,,,,,,,,,,,,,,,,,,,,,,,,,,,,
E,Sample 5,Sample 13,Sample 21,Sample 29,Sample 37,Sample 45,Sample 53,Sample 61,Sample 69,Sample 77,Sample 85,Sample 93,,,,,,,,,,,,,,,,,,,,,,,,,,,,,,,,,,,,,,,,,,,,,,,,,,,,,,,,,,,,,,,,,,,,,,,,,,,,,,,,,,,,
F,Sample 6,Sample 14,Sample 22,Sample 30,Sample 38,Sample 46,Sample 54,Sample 62,Sample 70,Sample 78,Sample 86,Sample 94,,,,,,,,,,,,,,,,,,,,,,,,,,,,,,,,,,,,,,,,,,,,,,,,,,,,,,,,,,,,,,,,,,,,,,,,,,,,,,,,,,,,
G,Sample 7,Sample 15,Sample 23,Sample 31,Sample 39,Sample 47,Sample 55,Sample 63,Sample 71,Sample 79,Sample 87,Sample 95,,,,,,,,,,,,,,,,,,,,,,,,,,,,,,,,,,,,,,,,,,,,,,,,,,,,,,,,,,,,,,,,,,,,,,,,,,,,,,,,,,,,
H,Sample 8,Sample 16,Sample 24,Sample 32,Sample 40,Sample 48,Sample 56,Sample 64,Sample 72,Sample 80,Sample 88,Sample 96,,,,,,,,,,,,,,,,,,,,,,,,,,,,,,,,,,,,,,,,,,,,,,,,,,,,,,,,,,,,,,,,,,,,,,,,,,,,,,,,,,,,
,,,,,,,,,,,,,,,,,,,,,,,,,,,,,,,,,,,,,,,,,,,,,,,,,,,,,,,,,,,,,,,,,,,,,,,,,,,,,,,,,,,,,,,,,,,,,,,,
,,,,,,,,,,,,,,,,,,,,,,,,,,,,,,,,,,,,,,,,,,,,,,,,,,,,,,,,,,,,,,,,,,,,,,,,,,,,,,,,,,,,,,,,,,,,,,,,
,,,,,,,,,,,,,,,,,,,,,,,,,,,,,,,,,,,,,,,,,,,,,,,,,,,,,,,,,,,,,,,,,,,,,,,,,,,,,,,,,,,,,,,,,,,,,,,,
,ID,Well,Absorbance (OD),Mean Absorbance (OD),Absorbance %CV,,,,,,,,,,,,,,,,,,,,,,,,,,,,,,,,,,,,,,,,,,,,,,,,,,,,,,,,,,,,,,,,,,,,,,,,,,,,,,,,,,,,,,,,,,,
,,,,,,,,,,,,,,,,,,,,,,,,,,,,,,,,,,,,,,,,,,,,,,,,,,,,,,,,,,,,,,,,,,,,,,,,,,,,,,,,,,,,,,,,,,,,,,,,
,,,,,,,,,,,,,,,,,,,,,,,,,,,,,,,,,,,,,,,,,,,,,,,,,,,,,,,,,,,,,,,,,,,,,,,,,,,,,,,,,,,,,,,,,,,,,,,,
,,,,,,,,,,,,,,,,,,,,,,,,,,,,,,,,,,,,,,,,,,,,,,,,,,,,,,,,,,,,,,,,,,,,,,,,,,,,,,,,,,,,,,,,,,,,,,,,
,ID,Well,Absorbance (OD),Mean Absorbance (OD),Dilution Factor,Absorbance %CV,,,,,,,,,,,,,,,,,,,,,,,,,,,,,,,,,,,,,,,,,,,,,,,,,,,,,,,,,,,,,,,,,,,,,,,,,,,,,,,,,,,,,,,,,,
1,Sample 1,A1,0.142,0.142,1,0,,,,,,,,,,,,,,,,,,,,,,,,,,,,,,,,,,,,,,,,,,,,,,,,,,,,,,,,,,,,,,,,,,,,,,,,,,,,,,,,,,,,,,,,,,
2,Sample 2,B1,0.078,0.078,1,0,,,,,,,,,,,,,,,,,,,,,,,,,,,,,,,,,,,,,,,,,,,,,,,,,,,,,,,,,,,,,,,,,,,,,,,,,,,,,,,,,,,,,,,,,,
3,Sample 3,C1,0.08,0.08,1,0,,,,,,,,,,,,,,,,,,,,,,,,,,,,,,,,,,,,,,,,,,,,,,,,,,,,,,,,,,,,,,,,,,,,,,,,,,,,,,,,,,,,,,,,,,
4,Sample 4,D1,0.08,0.08,1,0,,,,,,,,,,,,,,,,,,,,,,,,,,,,,,,,,,,,,,,,,,,,,,,,,,,,,,,,,,,,,,,,,,,,,,,,,,,,,,,,,,,,,,,,,,
5,Sample 5,E1,0.083,0.083,1,0,,,,,,,,,,,,,,,,,,,,,,,,,,,,,,,,,,,,,,,,,,,,,,,,,,,,,,,,,,,,,,,,,,,,,,,,,,,,,,,,,,,,,,,,,,
6,Sample 6,F1,0.086,0.086,1,0,,,,,,,,,,,,,,,,,,,,,,,,,,,,,,,,,,,,,,,,,,,,,,,,,,,,,,,,,,,,,,,,,,,,,,,,,,,,,,,,,,,,,,,,,,
7,Sample 7,G1,0.08,0.08,1,0,,,,,,,,,,,,,,,,,,,,,,,,,,,,,,,,,,,,,,,,,,,,,,,,,,,,,,,,,,,,,,,,,,,,,,,,,,,,,,,,,,,,,,,,,,
8,Sample 8,H1,0.076,0.076,1,0,,,,,,,,,,,,,,,,,,,,,,,,,,,,,,,,,,,,,,,,,,,,,,,,,,,,,,,,,,,,,,,,,,,,,,,,,,,,,,,,,,,,,,,,,,
9,Sample 9,A2,0.143,0.143,1,0,,,,,,,,,,,,,,,,,,,,,,,,,,,,,,,,,,,,,,,,,,,,,,,,,,,,,,,,,,,,,,,,,,,,,,,,,,,,,,,,,,,,,,,,,,
10,Sample 10,B2,0.095,0.095,1,0,,,,,,,,,,,,,,,,,,,,,,,,,,,,,,,,,,,,,,,,,,,,,,,,,,,,,,,,,,,,,,,,,,,,,,,,,,,,,,,,,,,,,,,,,,
11,Sample 11,C2,0.092,0.092,1,0,,,,,,,,,,,,,,,,,,,,,,,,,,,,,,,,,,,,,,,,,,,,,,,,,,,,,,,,,,,,,,,,,,,,,,,,,,,,,,,,,,,,,,,,,,
12,Sample 12,D2,0.087,0.087,1,0,,,,,,,,,,,,,,,,,,,,,,,,,,,,,,,,,,,,,,,,,,,,,,,,,,,,,,,,,,,,,,,,,,,,,,,,,,,,,,,,,,,,,,,,,,
13,Sample 13,E2,0.097,0.097,1,0,,,,,,,,,,,,,,,,,,,,,,,,,,,,,,,,,,,,,,,,,,,,,,,,,,,,,,,,,,,,,,,,,,,,,,,,,,,,,,,,,,,,,,,,,,
14,Sample 14,F2,0.089,0.089,1,0,,,,,,,,,,,,,,,,,,,,,,,,,,,,,,,,,,,,,,,,,,,,,,,,,,,,,,,,,,,,,,,,,,,,,,,,,,,,,,,,,,,,,,,,,,
15,Sample 15,G2,0.086,0.086,1,0,,,,,,,,,,,,,,,,,,,,,,,,,,,,,,,,,,,,,,,,,,,,,,,,,,,,,,,,,,,,,,,,,,,,,,,,,,,,,,,,,,,,,,,,,,
16,Sample 16,H2,0.111,0.111,1,0,,,,,,,,,,,,,,,,,,,,,,,,,,,,,,,,,,,,,,,,,,,,,,,,,,,,,,,,,,,,,,,,,,,,,,,,,,,,,,,,,,,,,,,,,,
17,Sample 17,A3,0.149,0.149,1,0,,,,,,,,,,,,,,,,,,,,,,,,,,,,,,,,,,,,,,,,,,,,,,,,,,,,,,,,,,,,,,,,,,,,,,,,,,,,,,,,,,,,,,,,,,
18,Sample 18,B3,0.078,0.078,1,0,,,,,,,,,,,,,,,,,,,,,,,,,,,,,,,,,,,,,,,,,,,,,,,,,,,,,,,,,,,,,,,,,,,,,,,,,,,,,,,,,,,,,,,,,,
19,Sample 19,C3,0.083,0.083,1,0,,,,,,,,,,,,,,,,,,,,,,,,,,,,,,,,,,,,,,,,,,,,,,,,,,,,,,,,,,,,,,,,,,,,,,,,,,,,,,,,,,,,,,,,,,
20,Sample 20,D3,0.091,0.091,1,0,,,,,,,,,,,,,,,,,,,,,,,,,,,,,,,,,,,,,,,,,,,,,,,,,,,,,,,,,,,,,,,,,,,,,,,,,,,,,,,,,,,,,,,,,,
21,Sample 21,E3,0.082,0.082,1,0,,,,,,,,,,,,,,,,,,,,,,,,,,,,,,,,,,,,,,,,,,,,,,,,,,,,,,,,,,,,,,,,,,,,,,,,,,,,,,,,,,,,,,,,,,
22,Sample 22,F3,0.079,0.079,1,0,,,,,,,,,,,,,,,,,,,,,,,,,,,,,,,,,,,,,,,,,,,,,,,,,,,,,,,,,,,,,,,,,,,,,,,,,,,,,,,,,,,,,,,,,,
23,Sample 23,G3,0.083,0.083,1,0,,,,,,,,,,,,,,,,,,,,,,,,,,,,,,,,,,,,,,,,,,,,,,,,,,,,,,,,,,,,,,,,,,,,,,,,,,,,,,,,,,,,,,,,,,
24,Sample 24,H3,0.107,0.107,1,0,,,,,,,,,,,,,,,,,,,,,,,,,,,,,,,,,,,,,,,,,,,,,,,,,,,,,,,,,,,,,,,,,,,,,,,,,,,,,,,,,,,,,,,,,,
25,Sample 25,A4,0.146,0.146,1,0,,,,,,,,,,,,,,,,,,,,,,,,,,,,,,,,,,,,,,,,,,,,,,,,,,,,,,,,,,,,,,,,,,,,,,,,,,,,,,,,,,,,,,,,,,
26,Sample 26,B4,0.093,0.093,1,0,,,,,,,,,,,,,,,,,,,,,,,,,,,,,,,,,,,,,,,,,,,,,,,,,,,,,,,,,,,,,,,,,,,,,,,,,,,,,,,,,,,,,,,,,,
27,Sample 27,C4,0.081,0.081,1,0,,,,,,,,,,,,,,,,,,,,,,,,,,,,,,,,,,,,,,,,,,,,,,,,,,,,,,,,,,,,,,,,,,,,,,,,,,,,,,,,,,,,,,,,,,
28,Sample 28,D4,0.081,0.081,1,0,,,,,,,,,,,,,,,,,,,,,,,,,,,,,,,,,,,,,,,,,,,,,,,,,,,,,,,,,,,,,,,,,,,,,,,,,,,,,,,,,,,,,,,,,,
29,Sample 29,E4,0.082,0.082,1,0,,,,,,,,,,,,,,,,,,,,,,,,,,,,,,,,,,,,,,,,,,,,,,,,,,,,,,,,,,,,,,,,,,,,,,,,,,,,,,,,,,,,,,,,,,
30,Sample 30,F4,0.085,0.085,1,0,,,,,,,,,,,,,,,,,,,,,,,,,,,,,,,,,,,,,,,,,,,,,,,,,,,,,,,,,,,,,,,,,,,,,,,,,,,,,,,,,,,,,,,,,,
31,Sample 31,G4,0.082,0.082,1,0,,,,,,,,,,,,,,,,,,,,,,,,,,,,,,,,,,,,,,,,,,,,,,,,,,,,,,,,,,,,,,,,,,,,,,,,,,,,,,,,,,,,,,,,,,
32,Sample 32,H4,0.085,0.085,1,0,,,,,,,,,,,,,,,,,,,,,,,,,,,,,,,,,,,,,,,,,,,,,,,,,,,,,,,,,,,,,,,,,,,,,,,,,,,,,,,,,,,,,,,,,,
33,Sample 33,A5,0.122,0.122,1,0,,,,,,,,,,,,,,,,,,,,,,,,,,,,,,,,,,,,,,,,,,,,,,,,,,,,,,,,,,,,,,,,,,,,,,,,,,,,,,,,,,,,,,,,,,
34,Sample 34,B5,0.082,0.082,1,0,,,,,,,,,,,,,,,,,,,,,,,,,,,,,,,,,,,,,,,,,,,,,,,,,,,,,,,,,,,,,,,,,,,,,,,,,,,,,,,,,,,,,,,,,,
35,Sample 35,C5,0.091,0.091,1,0,,,,,,,,,,,,,,,,,,,,,,,,,,,,,,,,,,,,,,,,,,,,,,,,,,,,,,,,,,,,,,,,,,,,,,,,,,,,,,,,,,,,,,,,,,
36,Sample 36,D5,0.08,0.08,1,0,,,,,,,,,,,,,,,,,,,,,,,,,,,,,,,,,,,,,,,,,,,,,,,,,,,,,,,,,,,,,,,,,,,,,,,,,,,,,,,,,,,,,,,,,,
37,Sample 37,E5,0.083,0.083,1,0,,,,,,,,,,,,,,,,,,,,,,,,,,,,,,,,,,,,,,,,,,,,,,,,,,,,,,,,,,,,,,,,,,,,,,,,,,,,,,,,,,,,,,,,,,
38,Sample 38,F5,0.094,0.094,1,0,,,,,,,,,,,,,,,,,,,,,,,,,,,,,,,,,,,,,,,,,,,,,,,,,,,,,,,,,,,,,,,,,,,,,,,,,,,,,,,,,,,,,,,,,,
39,Sample 39,G5,0.079,0.079,1,0,,,,,,,,,,,,,,,,,,,,,,,,,,,,,,,,,,,,,,,,,,,,,,,,,,,,,,,,,,,,,,,,,,,,,,,,,,,,,,,,,,,,,,,,,,
40,Sample 40,H5,0.525,0.525,1,0,,,,,,,,,,,,,,,,,,,,,,,,,,,,,,,,,,,,,,,,,,,,,,,,,,,,,,,,,,,,,,,,,,,,,,,,,,,,,,,,,,,,,,,,,,
41,Sample 41,A6,0.157,0.157,1,0,,,,,,,,,,,,,,,,,,,,,,,,,,,,,,,,,,,,,,,,,,,,,,,,,,,,,,,,,,,,,,,,,,,,,,,,,,,,,,,,,,,,,,,,,,
42,Sample 42,B6,0.081,0.081,1,0,,,,,,,,,,,,,,,,,,,,,,,,,,,,,,,,,,,,,,,,,,,,,,,,,,,,,,,,,,,,,,,,,,,,,,,,,,,,,,,,,,,,,,,,,,
43,Sample 43,C6,0.076,0.076,1,0,,,,,,,,,,,,,,,,,,,,,,,,,,,,,,,,,,,,,,,,,,,,,,,,,,,,,,,,,,,,,,,,,,,,,,,,,,,,,,,,,,,,,,,,,,
44,Sample 44,D6,0.08,0.08,1,0,,,,,,,,,,,,,,,,,,,,,,,,,,,,,,,,,,,,,,,,,,,,,,,,,,,,,,,,,,,,,,,,,,,,,,,,,,,,,,,,,,,,,,,,,,
45,Sample 45,E6,0.09,0.09,1,0,,,,,,,,,,,,,,,,,,,,,,,,,,,,,,,,,,,,,,,,,,,,,,,,,,,,,,,,,,,,,,,,,,,,,,,,,,,,,,,,,,,,,,,,,,
46,Sample 46,F6,0.075,0.075,1,0,,,,,,,,,,,,,,,,,,,,,,,,,,,,,,,,,,,,,,,,,,,,,,,,,,,,,,,,,,,,,,,,,,,,,,,,,,,,,,,,,,,,,,,,,,
47,Sample 47,G6,0.08,0.08,1,0,,,,,,,,,,,,,,,,,,,,,,,,,,,,,,,,,,,,,,,,,,,,,,,,,,,,,,,,,,,,,,,,,,,,,,,,,,,,,,,,,,,,,,,,,,
48,Sample 48,H6,0.086,0.086,1,0,,,,,,,,,,,,,,,,,,,,,,,,,,,,,,,,,,,,,,,,,,,,,,,,,,,,,,,,,,,,,,,,,,,,,,,,,,,,,,,,,,,,,,,,,,
49,Sample 49,A7,0.12,0.12,1,0,,,,,,,,,,,,,,,,,,,,,,,,,,,,,,,,,,,,,,,,,,,,,,,,,,,,,,,,,,,,,,,,,,,,,,,,,,,,,,,,,,,,,,,,,,
50,Sample 50,B7,0.092,0.092,1,0,,,,,,,,,,,,,,,,,,,,,,,,,,,,,,,,,,,,,,,,,,,,,,,,,,,,,,,,,,,,,,,,,,,,,,,,,,,,,,,,,,,,,,,,,,
51,Sample 51,C7,0.081,0.081,1,0,,,,,,,,,,,,,,,,,,,,,,,,,,,,,,,,,,,,,,,,,,,,,,,,,,,,,,,,,,,,,,,,,,,,,,,,,,,,,,,,,,,,,,,,,,
52,Sample 52,D7,0.081,0.081,1,0,,,,,,,,,,,,,,,,,,,,,,,,,,,,,,,,,,,,,,,,,,,,,,,,,,,,,,,,,,,,,,,,,,,,,,,,,,,,,,,,,,,,,,,,,,
53,Sample 53,E7,0.077,0.077,1,0,,,,,,,,,,,,,,,,,,,,,,,,,,,,,,,,,,,,,,,,,,,,,,,,,,,,,,,,,,,,,,,,,,,,,,,,,,,,,,,,,,,,,,,,,,
54,Sample 54,F7,0.077,0.077,1,0,,,,,,,,,,,,,,,,,,,,,,,,,,,,,,,,,,,,,,,,,,,,,,,,,,,,,,,,,,,,,,,,,,,,,,,,,,,,,,,,,,,,,,,,,,
55,Sample 55,G7,0.08,0.08,1,0,,,,,,,,,,,,,,,,,,,,,,,,,,,,,,,,,,,,,,,,,,,,,,,,,,,,,,,,,,,,,,,,,,,,,,,,,,,,,,,,,,,,,,,,,,
56,Sample 56,H7,0.084,0.084,1,0,,,,,,,,,,,,,,,,,,,,,,,,,,,,,,,,,,,,,,,,,,,,,,,,,,,,,,,,,,,,,,,,,,,,,,,,,,,,,,,,,,,,,,,,,,
57,Sample 57,A8,0.484,0.484,1,0,,,,,,,,,,,,,,,,,,,,,,,,,,,,,,,,,,,,,,,,,,,,,,,,,,,,,,,,,,,,,,,,,,,,,,,,,,,,,,,,,,,,,,,,,,
58,Sample 58,B8,0.105,0.105,1,0,,,,,,,,,,,,,,,,,,,,,,,,,,,,,,,,,,,,,,,,,,,,,,,,,,,,,,,,,,,,,,,,,,,,,,,,,,,,,,,,,,,,,,,,,,
59,Sample 59,C8,0.08,0.08,1,0,,,,,,,,,,,,,,,,,,,,,,,,,,,,,,,,,,,,,,,,,,,,,,,,,,,,,,,,,,,,,,,,,,,,,,,,,,,,,,,,,,,,,,,,,,
60,Sample 60,D8,0.08,0.08,1,0,,,,,,,,,,,,,,,,,,,,,,,,,,,,,,,,,,,,,,,,,,,,,,,,,,,,,,,,,,,,,,,,,,,,,,,,,,,,,,,,,,,,,,,,,,
61,Sample 61,E8,0.081,0.081,1,0,,,,,,,,,,,,,,,,,,,,,,,,,,,,,,,,,,,,,,,,,,,,,,,,,,,,,,,,,,,,,,,,,,,,,,,,,,,,,,,,,,,,,,,,,,
62,Sample 62,F8,0.074,0.074,1,0,,,,,,,,,,,,,,,,,,,,,,,,,,,,,,,,,,,,,,,,,,,,,,,,,,,,,,,,,,,,,,,,,,,,,,,,,,,,,,,,,,,,,,,,,,
63,Sample 63,G8,0.076,0.076,1,0,,,,,,,,,,,,,,,,,,,,,,,,,,,,,,,,,,,,,,,,,,,,,,,,,,,,,,,,,,,,,,,,,,,,,,,,,,,,,,,,,,,,,,,,,,
64,Sample 64,H8,0.08,0.08,1,0,,,,,,,,,,,,,,,,,,,,,,,,,,,,,,,,,,,,,,,,,,,,,,,,,,,,,,,,,,,,,,,,,,,,,,,,,,,,,,,,,,,,,,,,,,
65,Sample 65,A9,0.142,0.142,1,0,,,,,,,,,,,,,,,,,,,,,,,,,,,,,,,,,,,,,,,,,,,,,,,,,,,,,,,,,,,,,,,,,,,,,,,,,,,,,,,,,,,,,,,,,,
66,Sample 66,B9,0.082,0.082,1,0,,,,,,,,,,,,,,,,,,,,,,,,,,,,,,,,,,,,,,,,,,,,,,,,,,,,,,,,,,,,,,,,,,,,,,,,,,,,,,,,,,,,,,,,,,
67,Sample 67,C9,0.08,0.08,1,0,,,,,,,,,,,,,,,,,,,,,,,,,,,,,,,,,,,,,,,,,,,,,,,,,,,,,,,,,,,,,,,,,,,,,,,,,,,,,,,,,,,,,,,,,,
68,Sample 68,D9,0.082,0.082,1,0,,,,,,,,,,,,,,,,,,,,,,,,,,,,,,,,,,,,,,,,,,,,,,,,,,,,,,,,,,,,,,,,,,,,,,,,,,,,,,,,,,,,,,,,,,
69,Sample 69,E9,0.076,0.076,1,0,,,,,,,,,,,,,,,,,,,,,,,,,,,,,,,,,,,,,,,,,,,,,,,,,,,,,,,,,,,,,,,,,,,,,,,,,,,,,,,,,,,,,,,,,,
70,Sample 70,F9,0.076,0.076,1,0,,,,,,,,,,,,,,,,,,,,,,,,,,,,,,,,,,,,,,,,,,,,,,,,,,,,,,,,,,,,,,,,,,,,,,,,,,,,,,,,,,,,,,,,,,
71,Sample 71,G9,0.077,0.077,1,0,,,,,,,,,,,,,,,,,,,,,,,,,,,,,,,,,,,,,,,,,,,,,,,,,,,,,,,,,,,,,,,,,,,,,,,,,,,,,,,,,,,,,,,,,,
72,Sample 72,H9,0.079,0.079,1,0,,,,,,,,,,,,,,,,,,,,,,,,,,,,,,,,,,,,,,,,,,,,,,,,,,,,,,,,,,,,,,,,,,,,,,,,,,,,,,,,,,,,,,,,,,
73,Sample 73,A10,0.12,0.12,1,0,,,,,,,,,,,,,,,,,,,,,,,,,,,,,,,,,,,,,,,,,,,,,,,,,,,,,,,,,,,,,,,,,,,,,,,,,,,,,,,,,,,,,,,,,,
74,Sample 74,B10,0.085,0.085,1,0,,,,,,,,,,,,,,,,,,,,,,,,,,,,,,,,,,,,,,,,,,,,,,,,,,,,,,,,,,,,,,,,,,,,,,,,,,,,,,,,,,,,,,,,,,
75,Sample 75,C10,0.081,0.081,1,0,,,,,,,,,,,,,,,,,,,,,,,,,,,,,,,,,,,,,,,,,,,,,,,,,,,,,,,,,,,,,,,,,,,,,,,,,,,,,,,,,,,,,,,,,,
76,Sample 76,D10,0.085,0.085,1,0,,,,,,,,,,,,,,,,,,,,,,,,,,,,,,,,,,,,,,,,,,,,,,,,,,,,,,,,,,,,,,,,,,,,,,,,,,,,,,,,,,,,,,,,,,
77,Sample 77,E10,0.093,0.093,1,0,,,,,,,,,,,,,,,,,,,,,,,,,,,,,,,,,,,,,,,,,,,,,,,,,,,,,,,,,,,,,,,,,,,,,,,,,,,,,,,,,,,,,,,,,,
78,Sample 78,F10,0.085,0.085,1,0,,,,,,,,,,,,,,,,,,,,,,,,,,,,,,,,,,,,,,,,,,,,,,,,,,,,,,,,,,,,,,,,,,,,,,,,,,,,,,,,,,,,,,,,,,
79,Sample 79,G10,0.091,0.091,1,0,,,,,,,,,,,,,,,,,,,,,,,,,,,,,,,,,,,,,,,,,,,,,,,,,,,,,,,,,,,,,,,,,,,,,,,,,,,,,,,,,,,,,,,,,,
80,Sample 80,H10,0.09,0.09,1,0,,,,,,,,,,,,,,,,,,,,,,,,,,,,,,,,,,,,,,,,,,,,,,,,,,,,,,,,,,,,,,,,,,,,,,,,,,,,,,,,,,,,,,,,,,
81,Sample 81,A11,0.13,0.13,1,0,,,,,,,,,,,,,,,,,,,,,,,,,,,,,,,,,,,,,,,,,,,,,,,,,,,,,,,,,,,,,,,,,,,,,,,,,,,,,,,,,,,,,,,,,,
82,Sample 82,B11,0.092,0.092,1,0,,,,,,,,,,,,,,,,,,,,,,,,,,,,,,,,,,,,,,,,,,,,,,,,,,,,,,,,,,,,,,,,,,,,,,,,,,,,,,,,,,,,,,,,,,
83,Sample 83,C11,0.082,0.082,1,0,,,,,,,,,,,,,,,,,,,,,,,,,,,,,,,,,,,,,,,,,,,,,,,,,,,,,,,,,,,,,,,,,,,,,,,,,,,,,,,,,,,,,,,,,,
84,Sample 84,D11,0.089,0.089,1,0,,,,,,,,,,,,,,,,,,,,,,,,,,,,,,,,,,,,,,,,,,,,,,,,,,,,,,,,,,,,,,,,,,,,,,,,,,,,,,,,,,,,,,,,,,
85,Sample 85,E11,0.124,0.124,1,0,,,,,,,,,,,,,,,,,,,,,,,,,,,,,,,,,,,,,,,,,,,,,,,,,,,,,,,,,,,,,,,,,,,,,,,,,,,,,,,,,,,,,,,,,,
86,Sample 86,F11,0.086,0.086,1,0,,,,,,,,,,,,,,,,,,,,,,,,,,,,,,,,,,,,,,,,,,,,,,,,,,,,,,,,,,,,,,,,,,,,,,,,,,,,,,,,,,,,,,,,,,
87,Sample 87,G11,0.106,0.106,1,0,,,,,,,,,,,,,,,,,,,,,,,,,,,,,,,,,,,,,,,,,,,,,,,,,,,,,,,,,,,,,,,,,,,,,,,,,,,,,,,,,,,,,,,,,,
88,Sample 88,H11,0.098,0.098,1,0,,,,,,,,,,,,,,,,,,,,,,,,,,,,,,,,,,,,,,,,,,,,,,,,,,,,,,,,,,,,,,,,,,,,,,,,,,,,,,,,,,,,,,,,,,
89,Sample 89,A12,0.085,0.085,1,0,,,,,,,,,,,,,,,,,,,,,,,,,,,,,,,,,,,,,,,,,,,,,,,,,,,,,,,,,,,,,,,,,,,,,,,,,,,,,,,,,,,,,,,,,,
90,Sample 90,B12,0.08,0.08,1,0,,,,,,,,,,,,,,,,,,,,,,,,,,,,,,,,,,,,,,,,,,,,,,,,,,,,,,,,,,,,,,,,,,,,,,,,,,,,,,,,,,,,,,,,,,
91,Sample 91,C12,0.077,0.077,1,0,,,,,,,,,,,,,,,,,,,,,,,,,,,,,,,,,,,,,,,,,,,,,,,,,,,,,,,,,,,,,,,,,,,,,,,,,,,,,,,,,,,,,,,,,,
92,Sample 92,D12,0.084,0.084,1,0,,,,,,,,,,,,,,,,,,,,,,,,,,,,,,,,,,,,,,,,,,,,,,,,,,,,,,,,,,,,,,,,,,,,,,,,,,,,,,,,,,,,,,,,,,
93,Sample 93,E12,0.081,0.081,1,0,,,,,,,,,,,,,,,,,,,,,,,,,,,,,,,,,,,,,,,,,,,,,,,,,,,,,,,,,,,,,,,,,,,,,,,,,,,,,,,,,,,,,,,,,,
94,Sample 94,F12,0.077,0.077,1,0,,,,,,,,,,,,,,,,,,,,,,,,,,,,,,,,,,,,,,,,,,,,,,,,,,,,,,,,,,,,,,,,,,,,,,,,,,,,,,,,,,,,,,,,,,
95,Sample 95,G12,0.101,0.101,1,0,,,,,,,,,,,,,,,,,,,,,,,,,,,,,,,,,,,,,,,,,,,,,,,,,,,,,,,,,,,,,,,,,,,,,,,,,,,,,,,,,,,,,,,,,,
96,Sample 96,H12,0.09,0.09,1,0,,,,,,,,,,,,,,,,,,,,,,,,,,,,,,,,,,,,,,,,,,,,,,,,,,,,,,,,,,,,,,,,,,,,,,,,,,,,,,,,,,,,,,,,,,
,,,,,,,,,,,,,,,,,,,,,,,,,,,,,,,,,,,,,,,,,,,,,,,,,,,,,,,,,,,,,,,,,,,,,,,,,,,,,,,,,,,,,,,,,,,,,,,,
,,,,,,,,,,,,,,,,,,,,,,,,,,,,,,,,,,,,,,,,,,,,,,,,,,,,,,,,,,,,,,,,,,,,,,,,,,,,,,,,,,,,,,,,,,,,,,,,
,,,,,,,,,,,,,,,,,,,,,,,,,,,,,,,,,,,,,,,,,,,,,,,,,,,,,,,,,,,,,,,,,,,,,,,,,,,,,,,,,,,,,,,,,,,,,,,,
Protocol,No. 1,,,,,,,,,,,,,,,,,,,,,,,,,,,,,,,,,,,,,,,,,,,,,,,,,,,,,,,,,,,,,,,,,,,,,,,,,,,,,,,,,,,,,,,,,,,,,,,
Assay,David,,,,,,,,,,,,,,,,,,,,,,,,,,,,,,,,,,,,,,,,,,,,,,,,,,,,,,,,,,,,,,,,,,,,,,,,,,,,,,,,,,,,,,,,,,,,,,,
Sample Wavelength (nm),600,,,,,,,,,,,,,,,,,,,,,,,,,,,,,,,,,,,,,,,,,,,,,,,,,,,,,,,,,,,,,,,,,,,,,,,,,,,,,,,,,,,,,,,,,,,,,,,
Serial No.,BYOMAA00061,,,,,,,,,,,,,,,,,,,,,,,,,,,,,,,,,,,,,,,,,,,,,,,,,,,,,,,,,,,,,,,,,,,,,,,,,,,,,,,,,,,,,,,,,,,,,,,